Team Rank,Team Overall,G,MP,FG,FGA,FG%,FT,FTA,FT%,TRB,AST,PF,PTS,POS_C,POS_PG,POS_PF,POS_SF,POS_SG
0.36,0.5061671046315642,0.8749990877049239,1.811394413921011,3.2552651038015057,2.880545581791263,0.9792561278141007,4.166422660651607,3.8515714316550844,0.9404807910035544,1.5912936764805852,2.6121316122716487,0.9997184564678316,3.5286116070822766,0,0,0,0,1
0.28,0.8054880972066346,0.834036236411915,1.7100034609654322,2.554437387264423,2.3513635117919556,0.7683514550969344,4.4891311006791925,4.738878590347058,0.27064410557105545,2.594321604672088,0.2412097791228759,1.6452107768775108,3.015944701097856,0,0,1,0,0
0.4,0.5061671046315642,0.9159619389979327,1.6915687422462358,2.7101768798282193,2.625754214754559,0.5685470283122505,1.778380204447473,1.6594008042984423,0.669356418328495,0.1796247405073586,-0.07193084034960356,0.3542261360581524,2.7746896865169517,0,0,0,0,1
0.68,-0.09247488051857643,0.7521105338258974,1.728438179684628,2.749111752969168,2.7237508943840605,0.5130457986498383,2.4237970845026444,2.3901243467506563,0.5337942319909661,1.554144493954974,1.6279753796438559,1.4300466700742842,2.729454371283032,0,0,0,0,1
0.52,0.28167636020026154,0.9159619389979327,1.4703521176158825,3.021655864955812,3.017740933272565,0.4575445689874261,1.3911300764143704,1.1374554168325752,1.004274761044745,0.10532637545613609,1.1358972633299598,0.03147997585331298,2.623905302403887,0,0,0,1,0
0.56,0.20684611205649395,0.9159619389979327,1.5809604299310596,2.554437387264423,2.4297608554955565,0.65734899577211,2.681963836524713,2.2335407305108967,1.2753991337198045,0.8111608434427495,1.3148347601713763,0.13906202925492628,2.623905302403887,0,0,0,1,0
0.2,0.8803183453504022,0.834036236411915,1.5625257112118631,2.593372260405372,2.8413469099394626,0.15783792881040098,2.3592553964971272,2.1813461917643093,0.8926353134726616,1.1826526686988617,0.19647540491252166,-0.39884823775313993,2.578669987169967,0,0,0,1,0
0.44,0.4313368564877967,0.7930733851189062,1.7100034609654322,2.0872189095730347,1.5281914029041446,1.4343662110458792,3.7146308446129868,4.008155047894844,0.16697890425412096,3.26300689013309,0.8674910180678345,1.322464616672671,2.5183562335247416,0,0,1,0,0
0.16,1.104809089781705,0.8749990877049239,1.5256562737734711,2.3597630215596777,2.508158199199158,0.2355396503377774,2.8755889005412643,2.5989025017370033,0.9484550372587033,1.7398904065830303,0.3306785275435842,1.322464616672671,2.503277795113435,0,0,1,0,0
0.48,0.3565066083440291,0.9159619389979327,1.5072215550542747,2.3597630215596777,2.2533668321624543,0.6462487498396275,2.3592553964971272,2.9120697342165234,-0.2875531322893611,3.6344987153892023,-0.16139958877031194,2.0755389904839636,2.3675718494116764,1,0,0,0,0
0.32,0.6558276009190994,0.834036236411915,1.3597438053007056,2.1650886558549325,2.3513635117919556,0.19113866660784828,1.713838516441956,1.7637898817916158,0.43810327692918044,1.6284428590061963,0.15174103070216743,1.322464616672671,2.081081519596853,0,0,0,1,0
0.24,0.8803183453504022,0.834036236411915,1.4427000395370886,2.1650886558549325,1.6653867543854461,1.30116325985609,1.713838516441956,1.9203734980313758,0.11115918046807931,2.0742330493135315,0.10700665649181319,1.9679569370823502,2.05092464277424,1,0,0,0,0
0.96,-1.5142495952501605,0.4653705747748358,1.092440383872362,1.7368050513044935,1.8809794495703496,0.19113866660784828,2.8110472125357475,2.4945134242438303,1.0680687310859354,0.03102801040491358,0.4648816501746469,0.784554349664605,2.0358462043629335,0,0,0,1,0
0.12,1.2544695860692403,0.7111476825328886,1.5625257112118631,1.5421306855997483,1.4301947232746433,0.65734899577211,3.133755652563333,2.546707962990417,1.4269098125676318,1.554144493954974,4.75938157436865,0.13906202925492628,2.0207677659516268,0,1,0,0,0
0.6,0.13201586391272635,0.7521105338258974,1.5072215550542747,1.9314794170092386,1.567390074755945,1.0680580952739602,2.4237970845026444,2.2857352692574833,0.6853049108387926,1.6655920415318073,0.01753790807110491,0.8921364030662183,2.0207677659516268,0,0,1,0,0
0.56,0.20684611205649395,0.7930733851189062,1.276787571064323,1.8146747975863913,1.9593767932739503,0.20223891254033072,2.165630332480576,2.0769571142711363,0.621510940797603,0.8111608434427495,0.9122253922781889,0.784554349664605,1.9453755738950944,0,0,0,0,1
0.64,-0.017644632374808837,0.6701848312398798,1.0371362277147738,2.0872189095730347,2.1749694884588537,0.33544186373011936,1.3265883884088532,1.0852608780859887,1.1079399623616795,-0.48906054495364354,0.3306785275435842,-0.0761020775483003,1.9001402586611749,0,0,0,0,1
0.76,-0.91560761010002,0.834036236411915,1.5809604299310596,2.0872189095730347,2.096572144755252,0.43534407712246126,0.7457131963591992,0.7198991068598817,0.4779745082049245,1.0340559385964168,0.6438191470160637,1.5376287234758976,1.8850618202498686,0,0,0,1,0
0.16,1.104809089781705,0.424407723481827,0.797484884365224,2.0093491632911364,1.9593767932739503,0.5241460445823207,0.8102548843647164,0.6155100293667084,1.084017223596233,0.2539231055585811,0.06227228228145895,0.784554349664605,1.869983381838562,0,0,0,1,0
0.64,-0.017644632374808837,0.8749990877049239,1.0187015089955778,1.7757399244454424,1.8417807777185484,0.302141125932672,1.713838516441956,1.5550117268052692,0.6932791570939414,0.3653706531354147,0.6438191470160637,0.6769722962629923,1.74935587454811,0,0,0,1,0
0.4,0.5061671046315642,0.9159619389979327,0.7882675250056261,1.8536096707273408,1.8417807777185484,0.43534407712246126,1.262046700403336,1.4506226493120957,-0.0004802671040040119,0.588265748289082,-0.2508683371910203,0.784554349664605,1.719198997725497,0,0,0,1,0
0.12,1.2544695860692403,0.8749990877049239,1.4703521176158825,2.0093491632911364,1.6261880825336459,1.090258587138925,0.8102548843647164,0.8242881843530552,0.3982320456534364,0.8483100259683606,0.6438191470160637,0.13906202925492628,1.719198997725497,0,0,0,1,0
0.16,1.104809089781705,0.8749990877049239,1.7192208203250305,1.3474563198950031,1.2538006999415408,0.6129480120421803,2.8755889005412643,2.442318885497243,1.1956566711683163,0.1796247405073586,4.490975329106525,0.784554349664605,1.7041205593141904,0,1,0,0,0
0.2,0.8803183453504022,0.8749990877049239,1.3781785240199018,1.1917168273312069,1.1754033562379396,0.4575445689874261,3.2628390285743674,3.3296260441892174,0.45405176943947806,3.002962612453812,-0.34033708561172876,-0.1836841309499136,1.6739636824915773,1,0,0,0,0
0.52,0.28167636020026154,0.4653705747748358,1.6731340235270402,1.6978701781635446,1.9005787854962493,0.08013620728302392,1.262046700403336,1.2418444943257487,0.4221547844188828,2.0742330493135315,2.5673972380612944,0.46180818945976565,1.6136499288463517,0,0,0,0,1
0.72,-0.167305128662344,0.7521105338258974,1.590177789290657,1.5810655587406972,1.6653867543854461,0.2910408800001896,1.4556717644198873,1.1896499555791622,0.9723777760241497,-0.08041953717192002,0.6885535212264179,-0.2912661843515266,1.598571490435045,0,0,0,0,1
0.12,1.2544695860692403,0.5882591286538622,1.350526445941108,1.6978701781635446,1.7045854262372466,0.4575445689874261,0.4875464443371308,0.3545373356337748,1.044145992320489,0.1424755579817472,0.42014727596429263,0.3542261360581524,1.5834930520237387,0,0,0,0,1
0.28,0.8054880972066346,0.9159619389979327,1.2307007742663327,1.5421306855997483,1.567390074755945,0.36874260152756666,1.649296828436439,1.5550117268052692,0.7411246346248342,0.6625641133403044,-0.20613396298066616,0.2466440826565391,1.568414613612432,0,0,0,1,0
0.6,0.13201586391272635,-2.1972147592707367,1.0094841496359794,1.8146747975863913,1.9201781214221498,0.2355396503377774,0.7457131963591992,0.40673187438036157,1.713982677752988,0.922608391019583,1.1806316375403139,0.9997184564678316,1.5382577367898191,0,0,0,1,0
0.04,1.7034510749318459,0.5472962773608534,1.1661792587491469,1.113847081049309,1.0970060125343384,0.479745060852391,2.8755889005412643,2.8076806567233503,0.621510940797603,0.2167739230329697,0.06227228228145895,0.46180818945976565,1.5231792983785124,0,0,0,1,0
0.72,-0.167305128662344,0.834036236411915,1.10165774323196,1.46426093931785,1.6457874184595465,0.12453719101295367,1.132963324392302,1.2940390330723357,0.007493979151144796,0.40251983566102584,0.5990847728057094,0.8921364030662183,1.4779439831445929,0,0,0,1,0
0.08,1.2544695860692403,0.7521105338258974,1.4427000395370886,1.3474563198950031,1.0774066766084383,0.9792561278141007,1.9720052684640248,2.2335407305108967,0.039390964171740026,2.0370838667879196,0.6885535212264179,0.13906202925492628,1.4779439831445929,1,0,0,0,0
0.08,1.2544695860692403,0.629221979946871,1.4611347582562844,1.386391193035952,1.1558040203120394,0.8460531766243115,1.068421636386785,0.7720936456064684,1.3471673500161436,-0.26616544979997614,2.7910691091130655,-0.8291764513595926,1.4779439831445929,0,1,0,0,0
0.92,-1.439419347106393,0.8749990877049239,1.2214834149067346,1.6978701781635446,1.6457874184595465,0.5352462905148032,0.6166298203481648,0.6155100293667084,0.34241232186739473,0.5139673832378594,1.0911628891196055,1.6452107768775108,1.4327086679106737,0,0,0,1,0
0.08,1.2544695860692403,0.9159619389979327,1.3136570085027153,1.4253260661769012,1.2734000358674409,0.6795494876370749,1.3265883884088532,1.4506226493120957,0.15103041174382334,0.47681820071224834,1.404303508592085,0.6769722962629923,1.4327086679106737,0,0,0,0,1
0.6,0.13201586391272635,0.834036236411915,1.3781785240199018,1.5421306855997483,1.0970060125343384,1.3344639976535373,1.1975050123978193,1.3984281105655088,-0.10414546842093851,3.26300689013309,0.01753790807110491,0.569390242861379,1.4327086679106737,1,0,0,0,0
0.52,0.28167636020026154,0.7111476825328886,1.4427000395370886,0.9970424616264617,1.2929993717933412,-0.18626969509655456,1.5202134524254047,1.3984281105655088,0.6932791570939414,-0.006121172120697511,1.8963816249059815,-0.1836841309499136,1.417630229499367,0,1,0,0,0
0.6,0.13201586391272635,0.8749990877049239,1.129309821310754,1.5421306855997483,1.5281914029041446,0.40204333932501396,1.068421636386785,1.0852608780859887,0.43810327692918044,0.3653706531354147,0.2412097791228759,1.2148825632710583,1.417630229499367,0,0,0,1,0
0.04,1.7034510749318459,0.834036236411915,1.4795694769754808,1.386391193035952,1.5281914029041446,0.15783792881040098,1.132963324392302,1.0330663393394022,0.6853049108387926,-0.11756871969753128,2.746334734902711,0.569390242861379,1.3723949142654475,0,1,0,0,0
0.68,-0.09247488051857643,0.7930733851189062,1.2122660555471372,1.3474563198950031,1.4105953873487427,0.302141125932672,1.4556717644198873,1.5550117268052692,0.1988758892747162,1.5912936764805852,-0.6087433308738539,1.860374883680737,1.3573164758541414,1,0,0,0,0
0.88,-1.439419347106393,0.834036236411915,1.590177789290657,1.7368050513044935,1.6457874184595465,0.579647274244733,0.16483800430954515,0.5111209518735348,-0.8138533851291816,1.7027412240574191,0.5990847728057094,0.784554349664605,1.3573164758541414,0,0,0,1,0
0.68,-0.09247488051857643,0.8749990877049239,1.6362645860886473,1.230651700472156,1.2929993717933412,0.2355396503377774,1.0038799483812677,0.8242881843530552,0.8607383284520663,0.2910722880841922,3.2831472254269616,0.2466440826565391,1.297002722208915,0,1,0,0,0
0.32,0.6558276009190994,0.629221979946871,0.659224493971253,1.3474563198950031,1.1950026921638397,0.7572512091644519,1.0038799483812677,0.8242881843530552,1.0122490072998938,-0.414762179902421,-0.027196466139249326,0.569390242861379,1.2819242837976088,0,0,0,0,1
0.6,0.13201586391272635,0.5472962773608534,1.1108751025915582,1.1917168273312069,1.351797379571042,0.08013620728302392,0.6166298203481648,0.4589264131269481,0.9723777760241497,-0.08041953717192002,1.4937722570127934,0.46180818945976565,1.266845845386302,0,1,0,0,0
0.76,-0.91560761010002,0.7930733851189062,0.9449626341187931,1.230651700472156,1.0970060125343384,0.7128502254345221,1.3911300764143704,1.4506226493120957,0.3264638293570971,1.4798461289037514,-0.2508683371910203,1.7527928302791242,1.266845845386302,0,0,1,0,0
0.68,-0.09247488051857643,0.6701848312398798,1.3966132427390983,1.3474563198950031,1.4693933951264437,0.21333915847281254,1.0038799483812677,1.2940390330723357,-0.3035016247996587,1.7027412240574191,0.4648816501746469,1.6452107768775108,1.266845845386302,0,0,0,1,0
0.72,-0.167305128662344,0.8749990877049239,1.4795694769754808,1.1917168273312069,1.2538006999415408,0.302141125932672,0.6166298203481648,0.5633154906201215,0.5896139557770078,-0.34046381485119864,2.1647878701681065,0.6769722962629923,1.2366889685636893,0,1,0,0,0
0.92,-1.439419347106393,0.21959346701678295,1.350526445941108,1.4253260661769012,1.4301947232746433,0.36874260152756666,0.6166298203481648,0.7720936456064684,-0.07224848340034329,0.8111608434427495,1.7174441280645643,2.0755389904839636,1.2366889685636893,0,0,0,0,1
0.8,-0.9904378582437875,0.8749990877049239,1.6823513828866377,1.269586573613105,1.3909960514228425,0.1356374369454361,0.8747965723702336,1.0330663393394022,0.039390964171740026,-0.34046381485119864,2.4779284896405858,0.03147997585331298,1.2366889685636893,0,1,0,0,0
0.72,-0.167305128662344,-1.6646976924616221,0.9726147121975873,1.3085214467540542,1.0186086688307372,1.012556865611548,1.068421636386785,1.3984281105655088,-0.35134710233055155,2.891515064876978,-0.5640089566634998,1.7527928302791242,1.2366889685636893,0,0,1,0,0
0.04,1.7034510749318459,0.3834448721888182,1.3228743678623134,1.1917168273312069,1.0970060125343384,0.6129480120421803,1.262046700403336,1.0330663393394022,0.9404807910035544,-0.45191136242803226,1.5832410054335018,-0.6140123445563662,1.2216105301523825,0,0,0,0,1
0.44,0.4313368564877967,0.9159619389979327,1.1846139774683424,1.269586573613105,1.3125987077192414,0.302141125932672,1.132963324392302,0.9286772618462287,1.1079399623616795,2.1113822318391424,-0.20613396298066616,-0.39884823775313993,1.2216105301523825,1,0,0,0,0
0.08,1.2544695860692403,0.5472962773608534,1.2952222897835195,1.269586573613105,0.9990093329048371,0.990356373746583,1.1975050123978193,1.1374554168325752,0.5337942319909661,1.5912936764805852,0.01753790807110491,0.46180818945976565,1.2216105301523825,0,0,1,0,0
0.28,0.8054880972066346,0.9159619389979327,1.6731340235270402,0.9970424616264617,0.7442179658681337,0.9792561278141007,1.9074635804585074,1.6072062655518558,1.044145992320489,-0.26616544979997614,5.117256568051483,0.8921364030662183,1.2065320917410765,0,1,0,0,0
0.96,-1.5142495952501605,0.629221979946871,0.8343543218036165,1.3474563198950031,1.8417807777185484,-0.39717436781372084,0.16483800430954515,0.09356464190084125,0.5018972469703709,-0.45191136242803226,0.06227228228145895,0.13906202925492628,1.176375214918463,0,0,0,0,1
0.24,0.8803183453504022,0.5063334260678446,1.276787571064323,1.230651700472156,1.3125987077192414,0.19113866660784828,0.4230047563316136,0.6155100293667084,-0.27160463977906346,0.3653706531354147,2.8805378575337737,0.2466440826565391,1.176375214918463,0,1,0,0,0
0.88,-1.439419347106393,-1.3779577334105604,1.4703521176158825,1.269586573613105,1.2342013640156406,0.4908453067848734,0.7457131963591992,0.8242881843530552,0.27861835182620426,1.0712051211220277,0.42014727596429263,1.4300466700742842,1.14621833809585,0,0,1,0,0
0.48,0.3565066083440291,0.9159619389979327,1.62704722672905,1.113847081049309,0.8226153095717346,1.0236571115440305,1.3911300764143704,1.6072062655518558,-0.024403005869450437,2.1856805968903648,0.15174103070216743,1.2148825632710583,1.14621833809585,0,0,1,0,0
0.88,-1.439419347106393,0.7930733851189062,1.1200924619511565,1.0359773347674108,0.7834166377199342,1.012556865611548,1.3911300764143704,1.5550117268052692,0.09521068795778169,1.8884871366854752,-0.07193084034960356,0.784554349664605,1.1009830228619304,1,0,0,0,0
0.88,-1.439419347106393,0.4653705747748358,0.9080931966804007,0.9970424616264617,0.9598106610530367,0.5019455527173559,1.3911300764143704,1.6072062655518558,-0.05629999089004567,1.0340559385964168,-0.29560271140137456,1.860374883680737,1.0859045844506243,0,0,1,0,0
0.44,0.4313368564877967,0.9159619389979327,1.0463535870743716,1.3085214467540542,1.2734000358674409,0.4575445689874261,0.3584630683260964,0.19795371939401454,0.9883262685344473,0.47681820071224834,-0.20613396298066616,-0.0761020775483003,1.0708261460393176,0,0,0,1,0
0.88,-1.439419347106393,0.3834448721888182,0.4103557912621055,1.152781954190258,1.2734000358674409,0.16893817474288342,0.8102548843647164,0.8764827230996417,0.2148243817850138,-0.26616544979997614,0.01753790807110491,0.13906202925492628,1.0557477076280113,0,0,0,0,1
0.84,-1.065268106387555,0.9159619389979327,0.9633973528379891,0.9581075884855128,0.9794099969789368,0.3576423555950842,1.3265883884088532,1.3984281105655088,0.1988758892747162,0.9969067560708056,-0.5640089566634998,1.6452107768775108,1.0406692692167048,0,0,0,1,0
0.76,-0.91560761010002,0.5882591286538622,1.267570211704725,0.7244983496398187,0.7246186299422332,0.3243416177976369,1.3265883884088532,1.1374554168325752,0.8926353134726616,0.06817719293052484,0.42014727596429263,0.2466440826565391,1.0406692692167048,0,0,0,0,1
0.24,0.8803183453504022,0.8749990877049239,0.7606154469268319,0.8023680959217165,0.8422146454976351,0.27994063406770714,1.068421636386785,0.9808718005928152,0.6613821720733462,-0.45191136242803226,-0.07193084034960356,1.2148825632710583,1.0406692692167048,0,0,0,1,0
0.16,1.104809089781705,0.5882591286538622,0.7421807282076358,1.0749122079083597,0.9990093329048371,0.5907475201772153,0.8747965723702336,1.0330663393394022,0.08723644170263288,1.3312493988013063,-0.6534777050842081,0.3542261360581524,1.0255908308053983,0,0,1,0,0
0.4,0.5061671046315642,0.9159619389979327,1.2583528523451273,0.9191727153445639,0.8422146454976351,0.579647274244733,1.1975050123978193,1.1374554168325752,0.5656912170115613,0.736862478391527,0.2412097791228759,1.2148825632710583,1.0255908308053983,0,0,0,1,0
0.2,0.8803183453504022,0.9159619389979327,0.9357452747591949,0.9970424616264617,1.0774066766084383,0.18003842067536585,1.068421636386785,0.8764827230996417,0.9484550372587033,-0.26616544979997614,1.1358972633299598,0.8921364030662183,1.0105123923940917,0,0,0,0,1
0.52,0.28167636020026154,0.8749990877049239,0.2167912447105461,1.1917168273312069,1.136204684386139,0.5352462905148032,0.22937969231506233,0.041370103154254496,1.17173393240287,-0.6748064575816997,0.06227228228145895,0.2466440826565391,0.9803555155714786,0,0,0,0,1
0.56,0.20684611205649395,0.26055631830979176,0.2997474789469288,1.0359773347674108,1.0774066766084383,0.2910408800001896,0.6166298203481648,0.5111209518735348,0.6135366945424542,0.10532637545613609,-0.29560271140137456,0.569390242861379,0.9200417619262526,0,0,0,1,0
0.44,0.4313368564877967,0.7930733851189062,1.1108751025915582,0.8023680959217165,0.9402113251271365,0.057935715418059044,0.8102548843647164,0.6677045681132951,0.7889701121557271,-0.34046381485119864,0.37541290175393843,0.2466440826565391,0.9049633235149461,0,0,0,0,1
0.44,0.4313368564877967,-1.869511948926666,0.8435716811632143,1.113847081049309,1.1558040203120394,0.3465421096626018,0.29392138032057924,0.3545373356337748,-0.04035149837974805,0.6254149308146933,0.06227228228145895,0.569390242861379,0.9049633235149461,0,0,0,1,0
0.72,-0.167305128662344,0.7521105338258974,1.488786836335079,0.8413029690626658,0.9402113251271365,0.15783792881040098,1.068421636386785,0.9286772618462287,0.8049186046660247,1.8884871366854752,-0.2508683371910203,0.8921364030662183,0.8898848851036397,0,0,1,0,0
0.96,-1.5142495952501605,0.9159619389979327,0.5209641035772822,1.0749122079083597,1.4301947232746433,-0.24177092475896672,0.035754628298510775,-0.010824435592332256,0.35038656812254354,-0.006121172120697511,-0.1166652145599578,0.8921364030662183,0.8446495698697202,0,0,0,1,0
0.56,0.20684611205649395,0.7930733851189062,1.2122660555471372,0.9191727153445639,1.1950026921638397,-0.17516944916407212,0.4875464443371308,0.40673187438036157,0.6135366945424542,0.1796247405073586,1.8963816249059815,0.6769722962629923,0.8144926930471073,0,1,0,0,0
0.36,0.5061671046315642,0.5472962773608534,1.1569618993895485,0.8413029690626658,0.8618139814235353,0.2910408800001896,0.6166298203481648,0.8764827230996417,-0.5108320274335268,0.8854592084939716,0.5990847728057094,1.6452107768775108,0.7994142546358008,0,0,0,1,0
0.76,-0.91560761010002,0.6701848312398798,1.2030486961875388,0.7634332227807676,0.6266219503127318,0.7239504713670046,0.8747965723702336,0.8242881843530552,0.5337942319909661,0.1424755579817472,1.9411159991163356,0.784554349664605,0.7843358162244943,0,1,0,0,0
0.24,0.8803183453504022,0.8749990877049239,0.8527890405228125,0.8413029690626658,1.0186086688307372,0.013534731688129303,0.29392138032057924,0.30234279688718807,0.19090164301956739,-0.26616544979997614,0.5543503985953552,-0.0761020775483003,0.7843358162244943,0,0,0,0,1
0.92,-1.439419347106393,-1.1321806256525075,1.2214834149067346,0.7634332227807676,0.9794099969789368,-0.07526723577173018,0.8102548843647164,0.5633154906201215,1.2833733799749532,-0.19186708474875364,2.1647878701681065,-0.0761020775483003,0.7692573778131876,0,1,0,0,0
0.48,0.3565066083440291,0.9159619389979327,1.239918133625931,0.4908891107941244,0.6658206221645326,-0.07526723577173018,0.8747965723702336,0.7198991068598817,0.9006095597278104,-0.006121172120697511,2.8805378575337737,0.3542261360581524,0.7692573778131876,0,1,0,0,0
0.84,-1.065268106387555,0.17863061572377414,0.9818320715571852,0.8413029690626658,1.0186086688307372,-0.019766006109318005,0.6166298203481648,0.5111209518735348,0.541768478246115,1.3683985813269177,-0.2508683371910203,0.9997184564678316,0.7541789394018812,1,0,0,0,0
0.84,-1.065268106387555,0.6701848312398798,0.6500071346116553,0.7244983496398187,0.8618139814235353,0.08013620728302392,0.3584630683260964,0.4589264131269481,-0.12009396093123613,0.5511165657634708,-0.2508683371910203,1.322464616672671,0.7541789394018812,0,0,0,1,0
0.8,-0.9904378582437875,0.6701848312398798,0.926527915399597,0.7634332227807676,0.7246186299422332,0.43534407712246126,0.7457131963591992,0.6677045681132951,0.6055624482873054,2.1113822318391424,-0.4745402082427913,1.860374883680737,0.7240220625792683,1,0,0,0,0
1.0,-1.8884008359689985,0.7930733851189062,0.8435716811632143,0.9191727153445639,1.2734000358674409,-0.275071662556414,-0.028787059707006263,-0.010824435592332256,0.11115918046807931,-0.15471790222314255,1.0016941406988973,-0.1836841309499136,0.7089436241679619,0,0,0,0,1
0.28,0.8054880972066346,0.9159619389979327,0.7790501656460279,0.8413029690626658,1.0186086688307372,-0.04196649797428288,-0.09332874771252345,-0.11521351308550554,0.3822835531431388,0.10532637545613609,-0.2508683371910203,0.03147997585331298,0.7089436241679619,0,0,0,0,1
0.04,1.7034510749318459,0.9159619389979327,0.43800786934089975,0.8023680959217165,0.9010126532753358,0.15783792881040098,0.3584630683260964,0.40673187438036157,0.015468225406293605,-0.2290162672743649,0.37541290175393843,-0.1836841309499136,0.7089436241679619,0,0,0,0,1
0.92,-1.439419347106393,0.9159619389979327,0.8067022437248222,0.8023680959217165,0.705019294016333,0.5907475201772153,0.4230047563316136,1.2940390330723357,-1.7388659507264423,1.6655920415318073,-0.6534777050842081,0.6769722962629923,0.6938651857566551,0,0,1,0,0
0.92,-1.439419347106393,0.17863061572377414,0.7329633688480376,0.6855634764988695,0.5286252706832305,0.7239504713670046,0.8102548843647164,1.0330663393394022,-0.13604245344153376,0.9597575735451942,-0.07193084034960356,1.9679569370823502,0.6938651857566551,1,0,0,0,0
0.04,1.7034510749318459,0.8749990877049239,1.1108751025915582,0.7634332227807676,0.705019294016333,0.5463465364472856,0.22937969231506233,0.09356464190084125,0.8607383284520663,2.1856805968903648,0.01753790807110491,1.2148825632710583,0.6938651857566551,1,0,0,0,0
0.64,-0.017644632374808837,0.9159619389979327,0.81591960308442,0.6855634764988695,0.7834166377199342,0.18003842067536585,0.552088132342648,0.5633154906201215,0.35038656812254354,1.2198018512244728,0.9569597664885429,0.569390242861379,0.6938651857566551,0,0,0,1,0
0.2,0.8803183453504022,0.6701848312398798,1.092440383872362,0.5298239839350736,0.6266219503127318,0.057935715418059044,0.9393382603757505,0.7198991068598817,1.0281974998101913,0.03102801040491358,2.1200534959577526,1.5376287234758976,0.6787867473453487,0,1,0,0,0
0.16,1.104809089781705,0.7521105338258974,1.0463535870743716,0.8023680959217165,0.763817301794034,0.5019455527173559,0.035754628298510775,-0.06301897433891901,0.7490988808799831,-0.11756871969753128,1.7174441280645643,0.3542261360581524,0.6637083089340423,0,0,0,0,1
0.32,0.6558276009190994,0.834036236411915,1.0832230245127636,0.37408449137127736,0.5678239425350312,-0.20847018696151942,0.9393382603757505,0.6677045681132951,1.3790643350367389,1.5169953114293624,0.6438191470160637,1.860374883680737,0.6486298705227358,1,0,0,0,0
0.12,1.2544695860692403,0.9159619389979327,0.926527915399597,0.5298239839350736,0.33263191142422777,0.8793539144217587,1.0038799483812677,1.0330663393394022,0.43012903067403163,1.9627855017366975,-0.3850714598220829,0.03147997585331298,0.6335514321114294,0,0,1,0,0
0.84,-1.065268106387555,0.834036236411915,0.43800786934089975,0.7244983496398187,0.7834166377199342,0.2577401422027423,-0.5451205637511433,-0.3239916680718524,-1.5714067793683175,-0.48906054495364354,-0.29560271140137456,0.2466440826565391,0.5883161168775098,0,0,0,0,1
0.84,-1.065268106387555,0.5882591286538622,1.1569618993895485,0.5687588570760225,0.3914299192019287,0.9015544062867236,0.681171508353682,0.9808718005928152,-0.5267805199438245,2.1113822318391424,-0.4745402082427913,0.9997184564678316,0.5883161168775098,0,0,1,0,0
0.24,0.8803183453504022,0.9159619389979327,1.0371362277147738,0.6466286033579206,0.5286252706832305,0.6684492417045924,0.3584630683260964,0.3545373356337748,0.3264638293570971,2.520023239620866,0.06227228228145895,1.322464616672671,0.5732376784662033,0,0,1,0,0
0.48,0.3565066083440291,0.8749990877049239,0.6776592126904492,0.6076937302169714,0.8030159736458343,-0.13076846543414236,0.3584630683260964,0.25014825814060127,0.7251761421145366,-0.48906054495364354,0.15174103070216743,0.3542261360581524,0.5732376784662033,0,0,0,0,1
0.52,0.28167636020026154,0.6701848312398798,0.4287905099813015,0.2572798719484303,0.09743988031342463,0.8016521928943817,1.649296828436439,1.5028171880586823,0.7490988808799831,1.0712051211220277,-0.34033708561172876,2.29070309728719,0.5581592400548969,1,0,0,0,0
0.84,-1.065268106387555,0.09670491313775653,0.4103557912621055,0.4908891107941244,0.7834166377199342,-0.3416731381513087,0.7457131963591992,0.5633154906201215,0.9325065447484057,-0.15471790222314255,-0.20613396298066616,0.3542261360581524,0.5430808016435902,0,0,0,0,1
0.32,0.6558276009190994,0.834036236411915,0.954179993478391,0.37408449137127736,0.4110292551278289,0.2577401422027423,1.132963324392302,1.0330663393394022,0.7251761421145366,1.44269694637814,-0.3850714598220829,0.6769722962629923,0.5430808016435902,0,0,1,0,0
0.8,-0.9904378582437875,0.34248202089580937,1.405830602098696,0.5687588570760225,0.6266219503127318,0.18003842067536585,0.4230047563316136,0.5111209518735348,-0.0802227296554921,1.44269694637814,0.9569597664885429,-0.2912661843515266,0.5280023632322838,0,0,0,1,0
1.0,-1.8884008359689985,0.834036236411915,1.1200924619511565,0.8023680959217165,0.9402113251271365,0.024634977620611738,-0.41603718774010906,-0.584964361804786,1.17173393240287,-0.37761299737680976,1.4490378828024393,0.03147997585331298,0.5129239248209773,0,1,0,0,0
0.36,0.5061671046315642,0.7521105338258974,0.8620063998824103,0.4519542376531755,0.45022792697962966,0.27994063406770714,0.7457131963591992,0.7720936456064684,0.27064410557105545,1.108354303647639,-0.42980583403243716,0.9997184564678316,0.49784548640967086,1,0,0,0,0
0.8,-0.9904378582437875,0.834036236411915,0.7053112907692434,0.4908891107941244,0.6658206221645326,-0.11966821950165993,-0.41603718774010906,-0.4805752843116126,0.3822835531431388,0.8854592084939716,0.01753790807110491,0.6769722962629923,0.48276704799836445,0,0,1,0,0
0.32,0.6558276009190994,0.09670491313775653,0.47487730677929185,0.2572798719484303,0.21503589586882618,0.4575445689874261,0.9393382603757505,0.7198991068598817,1.0600944848307865,-0.34046381485119864,0.37541290175393843,-0.2912661843515266,0.45261017117575125,0,1,0,0,0
0.32,0.6558276009190994,0.30151916960280056,1.092440383872362,0.41301936451222626,0.43062859105372914,0.2688403881352247,0.6166298203481648,0.6155100293667084,0.35038656812254354,0.06817719293052484,1.9858503733266895,1.322464616672671,0.45261017117575125,0,0,0,0,1
0.72,-0.167305128662344,0.3834448721888182,0.5762682597348706,0.17941012566653222,0.17583722401702578,0.2688403881352247,1.3911300764143704,1.3984281105655088,0.3822835531431388,0.736862478391527,0.19647540491252166,1.2148825632710583,0.43753173276444485,0,0,1,0,0
0.36,0.5061671046315642,0.7930733851189062,1.3873958833795001,0.6076937302169714,0.46982726290552984,0.7683514550969344,-0.028787059707006263,0.041370103154254496,-0.22375916224817063,1.8141887716342524,-0.027196466139249326,1.2148825632710583,0.43753173276444485,0,0,1,0,0
0.96,-1.5142495952501605,-0.47677500496436676,-0.3362503168653376,0.6855634764988695,0.6658206221645326,0.4575445689874261,-0.6742039397621775,-0.7415479780445461,1.0999657161065306,-0.5633589100048658,-0.5192745824531455,-0.7215943979579795,0.4224532943531384,0,0,0,0,1
0.88,-1.439419347106393,0.4653705747748358,0.6039203378136649,0.6076937302169714,0.8226153095717346,-0.1640692032315897,-0.09332874771252345,-0.06301897433891901,0.023442471661442414,-0.11756871969753128,2.2095222443784603,0.3542261360581524,0.4224532943531384,0,1,0,0,0
1.0,-1.8884008359689985,0.9159619389979327,0.8435716811632143,0.21834499880748112,0.17583722401702578,0.40204333932501396,1.1975050123978193,1.3462335718189222,0.13508191923352572,1.108354303647639,-0.16139958877031194,2.1831210438855764,0.4224532943531384,0,0,1,0,0
0.92,-1.439419347106393,0.7930733851189062,0.5117467442176843,0.37408449137127736,0.5874232784609315,-0.197369941029037,0.29392138032057924,0.3545373356337748,0.1031849342129305,-0.414762179902421,0.7332878954367719,-0.39884823775313993,0.39229641753052524,0,0,0,0,1
0.76,-0.91560761010002,0.9159619389979327,0.4011384319025073,0.4519542376531755,0.3130325754983276,0.7461509632319695,0.22937969231506233,0.3545373356337748,-0.0802227296554921,0.8854592084939716,-0.5640089566634998,1.860374883680737,0.39229641753052524,1,0,0,0,0
0.44,0.4313368564877967,0.4653705747748358,1.092440383872362,0.4519542376531755,0.45022792697962966,0.36874260152756666,0.16483800430954515,0.14575918064742802,0.3344380756122459,-0.414762179902421,2.5226628638509396,-0.506430291154753,0.3772179791192188,0,1,0,0,0
0.32,0.6558276009190994,0.5472962773608534,0.9080931966804007,0.4519542376531755,0.45022792697962966,0.36874260152756666,-0.028787059707006263,-0.11521351308550554,0.669356418328495,-0.414762179902421,1.4937722570127934,0.569390242861379,0.3772179791192188,0,1,0,0,0
0.08,1.2544695860692403,0.9159619389979327,0.4933120254984879,0.29621474508937923,0.195436559942926,0.65734899577211,0.681171508353682,0.7198991068598817,0.1271076729783769,0.774011660917138,-0.3850714598220829,0.2466440826565391,0.3772179791192188,0,0,1,0,0
0.8,-0.9904378582437875,0.834036236411915,0.4287905099813015,0.17941012566653222,0.058241208461624054,0.7017499795020398,1.068421636386785,1.0330663393394022,0.541768478246115,0.6997132958659156,-0.29560271140137456,0.46180818945976565,0.3621395407079124,0,0,1,0,0
0.64,-0.017644632374808837,0.834036236411915,-0.21642464519056273,0.17941012566653222,0.33263191142422777,-0.17516944916407212,1.0038799483812677,0.9808718005928152,0.43012903067403163,-0.5262097274792548,-0.29560271140137456,-0.0761020775483003,0.3621395407079124,0,0,0,0,1
0.68,-0.09247488051857643,-0.5996635588433932,0.023226698158986994,0.33514961823032846,0.3914299192019287,0.21333915847281254,-0.028787059707006263,-0.21960259057867904,1.3312188575058461,-0.7862540051585333,-0.29560271140137456,-0.39884823775313993,0.3018257870626863,0,0,1,0,0
0.96,-1.5142495952501605,0.629221979946871,0.8527890405228125,0.29621474508937923,0.17583722401702578,0.7572512091644519,0.3584630683260964,0.4589264131269481,0.015468225406293605,2.1113822318391424,-0.027196466139249326,0.784554349664605,0.3018257870626863,0,0,1,0,0
0.8,-0.9904378582437875,0.17863061572377414,0.13383501047416366,0.17941012566653222,0.27383390364652715,0.002434485755646866,0.10029631630402797,0.09356464190084125,0.45405176943947806,-0.2290162672743649,-0.3850714598220829,1.1073005098694448,0.28674734865137985,0,0,0,0,1
1.0,-1.8884008359689985,0.7521105338258974,0.4287905099813015,0.29621474508937923,0.3914299192019287,-0.019766006109318005,0.29392138032057924,1.0852608780859887,-1.762788689491889,1.2198018512244728,-0.6534777050842081,1.322464616672671,0.27166891024007345,1,0,0,0,0
1.0,-1.8884008359689985,0.7930733851189062,0.7606154469268319,0.33514961823032846,0.3130325754983276,0.4131435852574964,0.10029631630402797,0.19795371939401454,-0.2875531322893611,1.2941002162756954,0.01753790807110491,1.322464616672671,0.256590471828767,0,0,0,1,0
0.56,0.20684611205649395,0.8749990877049239,0.2536606821489385,0.0626055062436852,0.058241208461624054,0.2910408800001896,0.29392138032057924,0.19795371939401454,0.709227649604239,0.3282214706098033,-0.07193084034960356,0.03147997585331298,0.22643359500615384,0,0,1,0,0
0.64,-0.017644632374808837,0.7930733851189062,0.5301814629368804,0.2572798719484303,0.21503589586882618,0.4464443230549437,0.035754628298510775,0.40673187438036157,-1.0371322802733483,1.2941002162756954,-0.5640089566634998,1.2148825632710583,0.19627671818354095,0,0,1,0,0
1.0,-1.8884008359689985,0.34248202089580937,-0.07816425479659181,0.37408449137127736,0.46982726290552984,0.057935715418059044,-0.7387456277676947,-0.8459370555377196,0.7411246346248342,-0.8977015527353669,-0.07193084034960356,-1.044340558162819,0.19627671818354095,0,0,0,0,1
0.4,0.5061671046315642,0.834036236411915,1.0279188683551754,0.14047525252558316,0.07784054438752443,0.5352462905148032,0.4230047563316136,0.4589264131269481,0.08723644170263288,2.1856805968903648,-0.2508683371910203,0.2466440826565391,0.18119827977223452,0,0,1,0,0
0.84,-1.065268106387555,0.9159619389979327,0.954179993478391,0.1015403793846341,0.13663855216522502,0.08013620728302392,0.4875464443371308,0.4589264131269481,0.44607752318432925,0.2167739230329697,2.3437253670095233,-0.506430291154753,0.18119827977223452,0,1,0,0,0
0.76,-0.91560761010002,0.6701848312398798,1.10165774323196,0.2572798719484303,0.43062859105372914,-0.15296895729910726,-0.028787059707006263,0.09356464190084125,-0.3672955948408483,1.5169953114293624,-0.2508683371910203,1.1073005098694448,0.1661198413609278,1,0,0,0,0
0.8,-0.9904378582437875,0.26055631830979176,0.38270371318331126,0.2572798719484303,0.33263191142422777,0.10233669914798879,-0.09332874771252345,-0.06301897433891901,0.1191334267232281,0.9597575735451942,-0.42980583403243716,1.6452107768775108,0.1661198413609278,1,0,0,0,0
0.88,-1.439419347106393,0.13766776443076534,0.014009338799388801,0.21834499880748112,0.3718305832760285,-0.13076846543414236,-0.22241212372355768,-0.2717971293252658,0.17495315050926977,-0.34046381485119864,-0.2508683371910203,0.8921364030662183,0.1661198413609278,0,0,0,1,0
0.12,1.2544695860692403,0.5882591286538622,0.2167912447105461,0.2572798719484303,0.27383390364652715,0.27994063406770714,-0.1578704357180405,-0.11521351308550554,0.055339456682037644,0.2910722880841922,-0.5192745824531455,0.569390242861379,0.15104140294962135,1,0,0,0,0
0.6,0.13201586391272635,0.5063334260678446,1.0647883057935679,0.1015403793846341,0.27383390364652715,-0.17516944916407212,0.22937969231506233,0.14575918064742802,0.709227649604239,-0.414762179902421,1.9858503733266895,0.8921364030662183,0.1359629645383149,0,1,0,0,0
0.68,-0.09247488051857643,0.5063334260678446,-0.004425379919807256,0.21834499880748112,0.058241208461624054,0.8238526847593466,-0.028787059707006263,0.5111209518735348,-1.635200749409508,0.47681820071224834,-0.29560271140137456,1.5376287234758976,0.1359629645383149,1,0,0,0,0
0.56,0.20684611205649395,0.834036236411915,-0.05051217671779756,0.14047525252558316,0.27383390364652715,-0.1640692032315897,0.22937969231506233,0.14575918064742802,0.5258199857358173,0.1424755579817472,-0.16139958877031194,0.03147997585331298,0.1359629645383149,0,0,0,0,1
0.12,1.2544695860692403,0.5882591286538622,-0.04129481735819937,-0.17100373260200902,-0.15735148672327887,0.20223891254033072,1.0038799483812677,1.1374554168325752,0.047365210426888835,-0.04327035464630877,-0.6087433308738539,-0.2912661843515266,0.09072764930439532,0,0,0,1,0
0.48,0.3565066083440291,0.30151916960280056,0.6500071346116553,0.17941012566653222,0.03864187253572385,0.8238526847593466,-0.22241212372355768,-0.21960259057867904,0.17495315050926977,0.2167739230329697,-0.1166652145599578,1.2148825632710583,0.07564921089308888,0,0,0,1,0
0.2,0.8803183453504022,0.9159619389979327,-0.013642739279405448,-0.01526424003821292,0.03864187253572385,0.08013620728302392,0.3584630683260964,0.25014825814060127,0.6613821720733462,-0.7491048226329221,0.10700665649181319,-0.6140123445563662,0.060570772481782435,0,0,0,0,1
0.36,0.5061671046315642,0.424407723481827,0.34583427574491915,0.14047525252558316,0.11703921623932484,0.3798428474600491,-0.22241212372355768,-0.3239916680718524,0.7172018958593879,-0.37761299737680976,1.1806316375403139,-0.2912661843515266,0.04549233407047599,0,1,0,0,0
0.48,0.3565066083440291,0.8749990877049239,-0.14268577031377816,-0.054199113179161984,0.058241208461624054,-0.1418687113666248,0.3584630683260964,0.30234279688718807,0.4062062919085852,-0.19186708474875364,-0.5192745824531455,-0.0761020775483003,0.03041389565916955,0,0,0,1,0
0.08,1.2544695860692403,0.9159619389979327,0.465659947419694,0.17941012566653222,0.27383390364652715,0.03573522355309418,-0.41603718774010906,-0.4283807455650258,-0.10414546842093851,-0.006121172120697511,-0.2508683371910203,0.784554349664605,0.03041389565916955,0,0,0,1,0
0.2,0.8803183453504022,0.834036236411915,0.6223550565328609,0.1015403793846341,-0.07895414301967789,0.8682536684892763,-0.09332874771252345,-0.010824435592332256,-0.2875531322893611,0.922608391019583,-0.5640089566634998,1.4300466700742842,0.015335457247862838,0,0,1,0,0
0.12,1.2544695860692403,0.834036236411915,0.4011384319025073,0.023670633102736142,-0.19655015857507946,1.212361292396232,0.10029631630402797,0.25014825814060127,-0.43108956488203876,0.774011660917138,-0.6982120792945623,0.784554349664605,0.015335457247862838,1,0,0,0,0
0.72,-0.167305128662344,-0.2719607484993227,1.1385271806703523,0.023670633102736142,-0.21614949450097964,1.3677647354509848,-0.028787059707006263,-0.06301897433891901,0.27064410557105545,2.6314707871976997,-0.6534777050842081,0.03147997585331298,0.0002570188365563948,1,0,0,0,0
0.16,1.104809089781705,-0.026183640741269887,-0.013642739279405448,-0.054199113179161984,-0.03975547116787731,0.24663989627025984,-0.6742039397621775,-0.7415479780445461,0.8766868209623639,-0.8234031876841444,0.15174103070216743,-0.6140123445563662,-0.014821419574750049,0,0,0,0,1
0.04,1.7034510749318459,0.9159619389979327,0.5854856190944685,0.14047525252558316,-0.19655015857507946,1.6119701459655982,-0.41603718774010906,-0.2717971293252658,-0.8457503701497768,2.1113822318391424,-0.42980583403243716,1.6452107768775108,-0.014821419574750049,0,0,0,1,0
0.64,-0.017644632374808837,0.7930733851189062,1.10165774323196,0.023670633102736142,0.21503589586882618,-0.33057289221882624,-0.028787059707006263,-0.06301897433891901,0.3184895831019483,0.9969067560708056,1.8516472506956267,0.6769722962629923,-0.014821419574750049,0,1,0,0,0
0.24,0.8803183453504022,0.8749990877049239,-0.34546767622493546,-0.09313398632011105,-0.09855347894557809,0.19113866660784828,0.16483800430954515,0.25014825814060127,0.1031849342129305,-0.6376572750560884,0.7780222696471262,-0.2912661843515266,-0.029899857986056492,0,1,0,0,0
0.84,-1.065268106387555,0.3834448721888182,-0.08738161415618967,0.0626055062436852,-0.03975547116787731,0.6351485039071452,-0.28695381172907486,-0.1674080518320923,-0.26363039352391465,0.06817719293052484,-0.4745402082427913,0.6769722962629923,-0.044978296397362935,0,0,1,0,0
1.0,-1.8884008359689985,-0.2719607484993227,0.014009338799388801,0.0626055062436852,-0.02015613524197693,0.5574467823797681,-0.28695381172907486,-0.3239916680718524,0.07926219544748407,0.588265748289082,-0.5640089566634998,0.9997184564678316,-0.044978296397362935,0,0,1,0,0
0.8,-0.9904378582437875,0.21959346701678295,-0.059729536077395756,-0.09313398632011105,0.019042536609823475,-0.1640692032315897,0.10029631630402797,0.25014825814060127,-0.3672955948408483,-0.414762179902421,-0.07193084034960356,0.46180818945976565,-0.060056734808669646,0,0,0,0,1
0.52,0.28167636020026154,-1.255069179531534,0.1614870885529579,0.023670633102736142,0.27383390364652715,-0.49707658120606213,-0.28695381172907486,-0.1674080518320923,-0.5188062736886756,0.03102801040491358,-0.5640089566634998,0.13906202925492628,-0.07513517321997609,0,0,0,1,0
0.92,-1.439419347106393,-1.7056605437546308,0.34583427574491915,0.17941012566653222,0.09743988031342463,0.5574467823797681,-0.8032873157732118,-0.8459370555377196,-0.5188062736886756,-0.2290162672743649,-0.2508683371910203,0.3542261360581524,-0.07513517321997609,0,0,0,0,1
0.68,-0.09247488051857643,-1.6237348411686132,0.004791979439790936,-0.01526424003821292,0.03864187253572385,0.013534731688129303,-0.28695381172907486,0.041370103154254496,-1.2843339141829613,0.588265748289082,-0.16139958877031194,0.13906202925492628,-0.07513517321997609,1,0,0,0,0
0.16,1.104809089781705,-0.23099789720631392,0.4195731506217037,-0.054199113179161984,0.09743988031342463,-0.3416731381513087,-0.28695381172907486,-0.010824435592332256,-0.9414413252115624,0.06817719293052484,0.10700665649181319,0.569390242861379,-0.07513517321997609,0,0,0,0,1
0.6,0.13201586391272635,-0.1081093433272875,-0.05051217671779756,-0.01526424003821292,0.058241208461624054,0.04683546948557661,-0.22241212372355768,-0.3239916680718524,0.669356418328495,-0.8977015527353669,-0.1166652145599578,-0.39884823775313993,-0.07513517321997609,0,1,0,0,0
0.6,0.13201586391272635,0.9159619389979327,0.6960939314096455,0.023670633102736142,0.17583722401702578,-0.18626969509655456,-0.3514954997345919,-0.4283807455650258,0.7490988808799831,0.3282214706098033,1.6279753796438559,0.569390242861379,-0.07513517321997609,0,0,0,0,1
0.4,0.5061671046315642,0.13766776443076534,-0.10581633287538605,0.0626055062436852,0.019042536609823475,0.4908453067848734,-0.5451205637511433,-0.6371589005513727,0.6853049108387926,-0.6748064575816997,0.7332878954367719,0.46180818945976565,-0.07513517321997609,0,1,0,0,0
0.24,0.8803183453504022,0.8749990877049239,0.17992180727215396,-0.13206885946105995,-0.07895414301967789,0.04683546948557661,-0.867829003778729,-0.8981315942843063,0.3982320456534364,-0.5633589100048658,-0.2508683371910203,-0.0761020775483003,-0.09021361163128253,0,0,0,0,1
0.96,-1.5142495952501605,0.30151916960280056,0.43800786934089975,-0.13206885946105995,-0.0005567993160767281,-0.25287117069144915,-0.028787059707006263,-0.1674080518320923,0.8527640821969176,-0.7862540051585333,1.8516472506956267,0.46180818945976565,-0.12037048845389542,0,1,0,0,0
0.88,-1.439419347106393,-2.07432620539171,-0.566684300855289,-0.44354784458865226,-0.6865335567225862,1.7895740808853173,0.9393382603757505,1.8159844205382027,-1.3242051454587054,-0.006121172120697511,-0.8324152019256249,-0.1836841309499136,-0.13544892686520213,0,0,1,0,0
0.16,1.104809089781705,0.7111476825328886,0.08774821367617336,-0.13206885946105995,-0.314146174130481,1.0014566196790655,-0.028787059707006263,-0.06301897433891901,0.44607752318432925,0.5511165657634708,-0.29560271140137456,0.8921364030662183,-0.13544892686520213,0,0,0,1,0
1.0,-1.8884008359689985,-0.1900350459133051,0.1522697291933597,-0.20993860574295806,-0.05935480709377751,-0.33057289221882624,0.035754628298510775,0.19795371939401454,-0.4709607961577828,0.5511165657634708,-0.027196466139249326,0.569390242861379,-0.165605803687815,0,0,0,1,0
0.4,0.5061671046315642,0.9159619389979327,0.13383501047416366,-0.09313398632011105,-0.17695082264917925,0.5463465364472856,-0.28695381172907486,-0.11521351308550554,-0.6862654450468006,1.0712051211220277,-0.6534777050842081,1.860374883680737,-0.165605803687815,1,0,0,0,0
0.92,-1.439419347106393,0.26055631830979176,-0.29938087942694513,-0.09313398632011105,-0.05935480709377751,0.06903596135054148,-0.5451205637511433,-0.6371589005513727,0.6055624482873054,-0.7862540051585333,-0.1166652145599578,-0.2912661843515266,-0.21084111892173446,0,0,0,0,1
0.52,0.28167636020026154,0.7111476825328886,-0.3270329575057394,-0.09313398632011105,-0.0005567993160767281,-0.053066743906765315,-0.6096622517566604,-0.6893534392979593,0.956429283513852,-0.006121172120697511,-0.6982120792945623,0.46180818945976565,-0.22591955733304106,1,0,0,0,0
0.4,0.5061671046315642,-0.1490721946202963,-0.6772926131704657,-0.32674322516580506,-0.21614949450097964,-0.36387363001627354,0.29392138032057924,0.30234279688718807,0.22279862804016262,-0.7119556401073108,-0.4745402082427913,-1.1519226115644323,-0.22591955733304106,0,0,0,0,1
1.0,-1.8884008359689985,-0.23099789720631392,-0.07816425479659181,-0.20993860574295806,-0.05935480709377751,-0.28617190848889645,-0.22241212372355768,-0.2717971293252658,0.44607752318432925,-0.5262097274792548,0.9122253922781889,-0.1836841309499136,-0.22591955733304106,0,1,0,0,0
0.2,0.8803183453504022,0.7521105338258974,-0.13346841095417997,-0.24887347888390712,-0.29454683820458083,0.33544186373011936,-0.09332874771252345,-0.2717971293252658,0.9803520222792985,-0.08041953717192002,-0.42980583403243716,0.784554349664605,-0.2409979957443475,0,0,1,0,0
0.84,-1.065268106387555,0.34248202089580937,0.3273995570257231,-0.24887347888390712,-0.07895414301967789,-0.374973875948756,-0.3514954997345919,-0.3239916680718524,-0.06427423714519448,-0.6005080925304771,1.6279753796438559,-0.39884823775313993,-0.25607643415565395,0,1,0,0,0
0.68,-0.09247488051857643,0.30151916960280056,-0.7786835661260444,-0.20993860574295806,-0.19655015857507946,0.14673768287791855,-0.3514954997345919,-0.3239916680718524,-0.05629999089004567,-0.6376572750560884,-0.5640089566634998,-0.6140123445563662,-0.25607643415565395,0,0,0,1,0
0.08,1.2544695860692403,0.9159619389979327,0.20757388535094823,-0.20993860574295806,-0.21614949450097964,0.27994063406770714,-0.6096622517566604,-0.5327698230581993,-0.9972610489976041,-0.04327035464630877,0.4648816501746469,-0.0761020775483003,-0.25607643415565395,0,0,0,0,1
0.32,0.6558276009190994,-1.9924005028056926,-0.21642464519056273,-0.24887347888390712,-0.17695082264917925,-0.13076846543414236,-0.22241212372355768,-0.3239916680718524,0.9404807910035544,-0.19186708474875364,-0.07193084034960356,-0.7215943979579795,-0.25607643415565395,0,0,0,0,1
0.28,0.8054880972066346,-0.5587007075503844,0.04166141687818305,-0.20993860574295806,-0.19655015857507946,0.19113866660784828,-0.6096622517566604,-0.4283807455650258,-1.3720506229895972,-0.34046381485119864,-0.4745402082427913,0.2466440826565391,-0.25607643415565395,0,0,0,0,1
0.48,0.3565066083440291,0.21959346701678295,-0.25329408262895486,-0.20993860574295806,-0.02015613524197693,-0.4082746137462033,-0.41603718774010906,-0.5327698230581993,1.0600944848307865,-0.34046381485119864,-0.2508683371910203,-0.2912661843515266,-0.25607643415565395,0,0,0,1,0
0.12,1.2544695860692403,0.834036236411915,0.34583427574491915,-0.32674322516580506,-0.25534816635278024,-0.20847018696151942,-0.5451205637511433,-0.6371589005513727,1.1079399623616795,-0.48906054495364354,0.7780222696471262,0.2466440826565391,-0.2711548725669605,0,0,0,0,1
0.04,1.7034510749318459,0.6701848312398798,-0.3731197543037297,-0.2878083520248562,-0.37294418190818196,0.5574467823797681,-0.028787059707006263,0.09356464190084125,-0.3672955948408483,-0.26616544979997614,-0.6982120792945623,0.9997184564678316,-0.2711548725669605,1,0,0,0,0
0.04,1.7034510749318459,0.5063334260678446,0.4011384319025073,-0.2878083520248562,-0.39254351783408215,0.7461509632319695,-0.1578704357180405,-0.11521351308550554,0.1271076729783769,1.1826526686988617,-0.6087433308738539,0.8921364030662183,-0.2711548725669605,0,0,1,0,0
0.36,0.5061671046315642,0.7521105338258974,0.1614870885529579,-0.13206885946105995,-0.17695082264917925,0.33544186373011936,-0.9323706917842461,-1.0025206717774797,1.0281974998101913,-0.9348507352609783,0.7780222696471262,0.03147997585331298,-0.2711548725669605,0,1,0,0,0
0.16,1.104809089781705,0.9159619389979327,0.37348635382371337,-0.20993860574295806,-0.5885368770930849,2.2557844100495794,-0.3514954997345919,0.041370103154254496,-1.5714067793683175,1.108354303647639,-0.7429464535049165,1.322464616672671,-0.28623331097826693,1,0,0,0,0
0.8,-0.9904378582437875,0.834036236411915,-0.09659897351578786,-0.20993860574295806,-0.23574883042688002,0.27994063406770714,-0.48057887574562613,-0.584964361804786,0.9404807910035544,-0.6005080925304771,0.19647540491252166,-0.0761020775483003,-0.3013117493895735,0,0,0,0,1
0.92,-1.439419347106393,-0.5587007075503844,-0.30859823878654336,-0.17100373260200902,-0.07895414301967789,-0.20847018696151942,-0.6742039397621775,-0.7415479780445461,0.3105153368467995,-0.26616544979997614,-0.20613396298066616,0.03147997585331298,-0.3013117493895735,0,0,0,1,0
0.4,0.5061671046315642,0.629221979946871,0.9818320715571852,-0.32674322516580506,-0.19655015857507946,-0.4415753515436506,-0.1578704357180405,0.041370103154254496,-0.8138533851291816,0.5511165657634708,3.1936784770062534,1.1073005098694448,-0.3013117493895735,0,1,0,0,0
0.92,-1.439419347106393,0.30151916960280056,0.03244405751858486,-0.4046129714477032,-0.314146174130481,-0.29727215442137894,0.10029631630402797,0.09356464190084125,0.14305616548867453,0.8483100259683606,-0.34033708561172876,0.9997184564678316,-0.31639018780087996,0,0,1,0,0
0.04,1.7034510749318459,0.30151916960280056,0.1154002917549676,-0.4046129714477032,-0.4905401974635835,0.5352462905148032,0.10029631630402797,0.25014825814060127,-0.3194501173099563,0.47681820071224834,-0.4745402082427913,0.8921364030662183,-0.31639018780087996,0,0,1,0,0
0.36,0.5061671046315642,0.834036236411915,0.10618293239536941,-0.24887347888390712,-0.29454683820458083,0.3909430933925315,-0.48057887574562613,-0.584964361804786,0.9484550372587033,-0.34046381485119864,-0.42980583403243716,0.13906202925492628,-0.3314686262121864,0,0,1,0,0
1.0,-1.8884008359689985,-1.5827719898756045,-0.2809461607077491,-0.24887347888390712,-0.05935480709377751,-0.5858785486659216,-0.48057887574562613,-0.4805752843116126,0.14305616548867453,-0.7862540051585333,-0.07193084034960356,-0.2912661843515266,-0.3314686262121864,0,1,0,0,0
1.0,-1.8884008359689985,-1.1321806256525075,-0.11503369223498393,-0.17100373260200902,-0.17695082264917925,0.19113866660784828,-0.8032873157732118,-0.8459370555377196,-0.3194501173099563,-0.8234031876841444,0.6885535212264179,0.46180818945976565,-0.346547064623493,0,0,0,0,1
0.88,-1.439419347106393,-0.2719607484993227,0.4011384319025073,-0.24887347888390712,-0.09855347894557809,-0.39717436781372084,-0.6096622517566604,-0.6371589005513727,0.047365210426888835,-0.8234031876841444,1.8963816249059815,-0.8291764513595926,-0.346547064623493,0,1,0,0,0
0.76,-0.91560761010002,0.834036236411915,-0.08738161415618967,-0.4046129714477032,-0.39254351783408215,-0.019766006109318005,-0.1578704357180405,-0.3239916680718524,1.3631158425264414,-0.6748064575816997,1.2253660117506684,-0.1836841309499136,-0.346547064623493,0,1,0,0,0
0.64,-0.017644632374808837,0.5882591286538622,-0.47451070725930833,-0.2878083520248562,-0.33374551005638137,0.3132413718651545,-0.5451205637511433,-0.6371589005513727,0.8527640821969176,-0.11756871969753128,-0.5640089566634998,0.13906202925492628,-0.36162550303479946,0,0,1,0,0
0.64,-0.017644632374808837,0.834036236411915,-0.25329408262895486,-0.4046129714477032,-0.3533448459822816,-0.06416698983924775,-0.1578704357180405,-0.1674080518320923,0.13508191923352572,-0.5262097274792548,0.2859441533332299,-0.0761020775483003,-0.36162550303479946,0,1,0,0,0
0.52,0.28167636020026154,0.7930733851189062,0.28131276022773277,-0.2878083520248562,-0.37294418190818196,0.5019455527173559,-0.5451205637511433,-0.584964361804786,0.1031849342129305,1.5169953114293624,-0.5192745824531455,1.860374883680737,-0.376703941446106,1,0,0,0,0
0.96,-1.5142495952501605,-1.05025492306649,-0.49294542597850455,-0.44354784458865226,-0.529738869315384,0.4908453067848734,0.035754628298510775,-0.010824435592332256,0.5577169707564126,0.10532637545613609,-0.6534777050842081,-0.0761020775483003,-0.376703941446106,0,0,1,0,0
0.6,0.13201586391272635,0.7111476825328886,-0.43764126982091606,-0.32674322516580506,-0.23574883042688002,-0.197369941029037,-0.48057887574562613,-0.584964361804786,0.43012903067403163,-0.15471790222314255,-0.5640089566634998,0.03147997585331298,-0.39178237985741243,0,0,1,0,0
0.8,-0.9904378582437875,0.629221979946871,-0.16112048903297424,-0.48248271772960133,-0.33374551005638137,-0.49707658120606213,-0.028787059707006263,-0.21960259057867904,1.1956566711683163,0.47681820071224834,-0.5640089566634998,0.569390242861379,-0.39178237985741243,1,0,0,0,0
0.92,-1.439419347106393,0.30151916960280056,-0.3546850355845336,-0.4046129714477032,-0.47094086153768333,0.4131435852574964,-0.1578704357180405,-0.010824435592332256,-0.5905744899850149,-0.08041953717192002,-0.7876808277152708,0.3542261360581524,-0.39178237985741243,0,0,1,0,0
0.96,-1.5142495952501605,0.9159619389979327,0.4103557912621055,-0.2878083520248562,-0.3533448459822816,0.5685470283122505,-0.6742039397621775,-0.4805752843116126,-1.5554582868580198,0.8483100259683606,-0.2508683371910203,0.784554349664605,-0.39178237985741243,1,0,0,0,0
0.44,0.4313368564877967,0.21959346701678295,-0.49294542597850455,-0.5214175908705503,-0.4121428537599824,-0.39717436781372084,-0.1578704357180405,-0.21960259057867904,0.6932791570939414,-1.0091491003122006,0.01753790807110491,-0.1836841309499136,-0.39178237985741243,0,1,0,0,0
0.96,-1.5142495952501605,0.7111476825328886,-0.19798992647136668,-0.36567809830675413,-0.5689375411671846,1.2678625220586428,-0.3514954997345919,-0.3239916680718524,-0.04035149837974805,0.47681820071224834,-0.6534777050842081,1.1073005098694448,-0.39178237985741243,1,0,0,0,0
0.72,-0.167305128662344,0.7521105338258974,-0.24407672326935698,-0.48248271772960133,-0.5101395333894837,0.36874260152756666,-0.3514954997345919,-0.4283807455650258,0.581639709521859,-0.8605523702097557,0.42014727596429263,-0.1836841309499136,-0.4068608182687189,0,1,0,0,0
0.88,-1.439419347106393,0.4653705747748358,0.05087877623778124,-0.4046129714477032,-0.47094086153768333,0.4464443230549437,-0.28695381172907486,-0.3239916680718524,0.5656912170115613,-0.5633589100048658,0.5543503985953552,-0.0761020775483003,-0.4068608182687189,0,0,0,0,1
0.56,0.20684611205649395,0.055742061844747726,-0.25329408262895486,-0.32674322516580506,-0.29454683820458083,-0.00866576017683557,-0.5451205637511433,-0.4283807455650258,-0.6304457212607589,0.47681820071224834,-0.3850714598220829,0.784554349664605,-0.4068608182687189,1,0,0,0,0
0.52,0.28167636020026154,-1.459883435996578,-0.5390322227764949,-0.5992873371524483,-0.529738869315384,-0.49707658120606213,0.3584630683260964,0.4589264131269481,-0.0802227296554921,-0.15471790222314255,-0.6087433308738539,-0.8291764513595926,-0.42193925668002547,0,0,0,1,0
0.24,0.8803183453504022,0.9159619389979327,-0.4560759885401123,-0.44354784458865226,-0.47094086153768333,0.11343694508047122,-0.1578704357180405,-0.1674080518320923,0.2148243817850138,0.40251983566102584,-0.5640089566634998,0.03147997585331298,-0.42193925668002547,0,0,1,0,0
0.12,1.2544695860692403,0.13766776443076534,-0.7418141286876522,-0.4046129714477032,-0.39254351783408215,0.09123645321550636,-0.48057887574562613,-0.584964361804786,0.8846610672175128,-0.6005080925304771,-0.6534777050842081,-0.39884823775313993,-0.4370176950913319,0,0,0,1,0
0.28,0.8054880972066346,0.9159619389979327,1.3781785240199018,-0.48248271772960133,-0.4905401974635835,0.1356374369454361,-0.1578704357180405,-0.010824435592332256,-0.5746259974747173,2.4457248745696436,-0.5192745824531455,1.5376287234758976,-0.4370176950913319,1,0,0,0,0
0.68,-0.09247488051857643,-0.47677500496436676,-0.06894689543699362,-0.44354784458865226,-0.4513415256117829,0.11343694508047122,-0.5451205637511433,-0.584964361804786,0.3902577993982876,-0.8234031876841444,0.19647540491252166,-1.1519226115644323,-0.4370176950913319,0,1,0,0,0
0.96,-1.5142495952501605,0.7930733851189062,-0.3270329575057394,-0.5214175908705503,-0.6473348848707857,0.6684492417045924,-0.028787059707006263,0.09356464190084125,-0.3672955948408483,0.03102801040491358,-0.3850714598220829,0.6769722962629923,-0.4520961335026385,0,0,1,0,0
0.36,0.5061671046315642,0.8749990877049239,-0.20720728583096454,-0.4046129714477032,-0.4121428537599824,0.12453719101295367,-0.6096622517566604,-0.6371589005513727,0.06331370293718645,0.06817719293052484,-0.3850714598220829,-0.39884823775313993,-0.48225301032525136,1,0,0,0,0
0.32,0.6558276009190994,0.4653705747748358,-0.2717288013481509,-0.5214175908705503,-0.5885368770930849,0.40204333932501396,-0.22241212372355768,-0.3239916680718524,0.5896139557770078,-0.3033146323255874,-0.5640089566634998,-0.2912661843515266,-0.48225301032525136,0,0,1,0,0
0.88,-1.439419347106393,0.26055631830979176,0.13383501047416366,-0.36567809830675413,-0.2749475022786806,-0.29727215442137894,-0.7387456277676947,-0.7415479780445461,-0.35134710233055155,0.1424755579817472,-0.20613396298066616,0.2466440826565391,-0.49733144873655794,1,0,0,0,0
0.92,-1.439419347106393,-0.9683292204804724,-0.02286009863900331,-0.5992873371524483,-0.5101395333894837,-0.36387363001627354,-0.1578704357180405,-0.06301897433891901,-0.2955273785445099,-0.45191136242803226,0.9569597664885429,-0.2912661843515266,-0.5124098871478644,0,1,0,0,0
0.56,0.20684611205649395,0.834036236411915,0.29053011958733066,-0.32674322516580506,-0.4905401974635835,1.1346595708688547,-1.0614540677952804,-0.8981315942843063,-3.365612186776798,1.6655920415318073,-0.29560271140137456,1.1073005098694448,-0.5124098871478644,0,0,1,0,0
0.64,-0.017644632374808837,0.4653705747748358,-0.34546767622493546,-0.4046129714477032,-0.39254351783408215,0.15783792881040098,-0.867829003778729,-0.8459370555377196,-1.084977757804241,-0.5262097274792548,-0.4745402082427913,0.03147997585331298,-0.527488325559171,0,0,1,0,0
0.76,-0.91560761010002,0.34248202089580937,-0.6496405350916715,-0.5214175908705503,-0.43174218968588274,-0.452675597476133,-0.5451205637511433,-0.6893534392979593,1.5066522751191198,-0.9719999177865893,-0.42980583403243716,-0.9367585047612059,-0.5425667639704774,0,0,0,0,1
0.72,-0.167305128662344,0.26055631830979176,-0.6312058163724755,-0.5214175908705503,-0.5101395333894837,0.08013620728302392,-0.6742039397621775,-0.793742516791133,0.7012534033490903,-0.9719999177865893,-0.34033708561172876,-1.2595046649660455,-0.5425667639704774,0,1,0,0,0
1.0,-1.8884008359689985,0.21959346701678295,-0.5574669414956909,-0.6382222102933974,-0.7257322285743868,0.4242438311899788,-0.028787059707006263,0.09356464190084125,-0.34337285607540274,-0.04327035464630877,-0.8324152019256249,-0.7215943979579795,-0.5425667639704774,1,0,0,0,0
0.72,-0.167305128662344,0.424407723481827,-0.5021627853381025,-0.44354784458865226,-0.47094086153768333,0.21333915847281254,-0.7387456277676947,-0.793742516791133,0.206850135529865,-0.26616544979997614,-0.6982120792945623,-0.8291764513595926,-0.5425667639704774,0,0,0,1,0
0.96,-1.5142495952501605,0.7930733851189062,0.1522697291933597,-0.48248271772960133,-0.43174218968588274,-0.2639714166239316,-0.6742039397621775,-0.6893534392979593,0.14305616548867453,-0.6005080925304771,2.5226628638509396,-0.2912661843515266,-0.5576452023817838,0,1,0,0,0
0.24,0.8803183453504022,0.7930733851189062,-0.5390322227764949,-0.5214175908705503,-0.5885368770930849,0.43534407712246126,-0.6742039397621775,-0.6893534392979593,0.35038656812254354,-0.3033146323255874,-0.7429464535049165,0.3542261360581524,-0.5727236407930905,0,0,0,1,0
0.68,-0.09247488051857643,0.5063334260678446,-0.5113801446977007,-0.5992873371524483,-0.529738869315384,-0.36387363001627354,-0.9323706917842461,-1.0025206717774797,0.8766868209623639,-0.19186708474875364,-0.34033708561172876,-0.7215943979579795,-0.5878020792043969,0,0,1,0,0
0.44,0.4313368564877967,0.9159619389979327,-0.3546850355845336,-0.6382222102933974,-0.5885368770930849,-0.33057289221882624,-0.7387456277676947,-0.8459370555377196,1.211605163678614,-0.9719999177865893,0.6885535212264179,-0.7215943979579795,-0.5878020792043969,0,1,0,0,0
0.48,0.3565066083440291,0.8749990877049239,-0.46529334789971033,-0.5603524640114993,-0.6277355489448855,0.3465421096626018,-0.48057887574562613,-0.4283807455650258,-0.462986549902634,-0.19186708474875364,-0.6534777050842081,0.3542261360581524,-0.5878020792043969,1,0,0,0,0
0.4,0.5061671046315642,0.3834448721888182,-0.861639800362427,-0.5992873371524483,-0.47094086153768333,-0.696881007990746,-0.7387456277676947,-0.8459370555377196,0.5975882020321566,-0.48906054495364354,-0.7429464535049165,-0.0761020775483003,-0.5878020792043969,0,0,1,0,0
1.0,-1.8884008359689985,-1.459883435996578,-0.5390322227764949,-0.6771570834343464,-0.6865335567225862,-0.07526723577173018,-0.22241212372355768,0.14575918064742802,-1.2285141903969197,-0.6005080925304771,-0.5640089566634998,0.03147997585331298,-0.6028805176157035,0,0,0,1,0
0.44,0.4313368564877967,-0.0671464920342787,-0.7786835661260444,-0.5992873371524483,-0.6473348848707857,0.3909430933925315,-0.48057887574562613,-0.584964361804786,0.4779745082049245,-0.2290162672743649,-0.8324152019256249,0.03147997585331298,-0.6028805176157035,0,0,1,0,0
1.0,-1.8884008359689985,0.629221979946871,-0.40998919174212184,-0.6382222102933974,-0.6081362130189851,-0.15296895729910726,-0.41603718774010906,-0.5327698230581993,0.9404807910035544,-0.2290162672743649,-0.6087433308738539,0.6769722962629923,-0.6028805176157035,1,0,0,0,0
0.68,-0.09247488051857643,-0.1490721946202963,-0.575901660214887,-0.5603524640114993,-0.6081362130189851,0.40204333932501396,-0.7387456277676947,-0.6371589005513727,-1.212565697886622,-0.19186708474875364,-0.6982120792945623,0.569390242861379,-0.6179589560270099,0,0,1,0,0
0.64,-0.017644632374808837,-0.1081093433272875,-0.5574669414956909,-0.5992873371524483,-0.5493382052412843,-0.15296895729910726,-0.6096622517566604,-0.6893534392979593,0.7889701121557271,-0.08041953717192002,-0.6982120792945623,0.3542261360581524,-0.6179589560270099,1,0,0,0,0
0.52,0.28167636020026154,-0.7635149640154284,-0.3178155981461412,-0.7550268297162445,-0.745331564500287,-0.1418687113666248,-0.09332874771252345,-0.1674080518320923,0.3982320456534364,-0.5262097274792548,-0.027196466139249326,-0.0761020775483003,-0.6330373944383163,0,0,1,0,0
0.92,-1.439419347106393,-0.35388645108534034,-0.6588578944512695,-0.6771570834343464,-0.6669342207966861,-0.053066743906765315,-0.48057887574562613,-0.4283807455650258,-0.05629999089004567,-0.5633589100048658,-0.6087433308738539,-1.044340558162819,-0.6481158328496229,0,0,0,1,0
0.52,0.28167636020026154,-0.23099789720631392,-0.9538133939584076,-0.5992873371524483,-0.5493382052412843,-0.2639714166239316,-0.6742039397621775,-0.1674080518320923,-2.7755179638957865,-0.006121172120697511,-0.4745402082427913,-0.1836841309499136,-0.6481158328496229,0,0,1,0,0
0.84,-1.065268106387555,-0.1081093433272875,-0.5390322227764949,-0.6382222102933974,-0.5885368770930849,-0.3083724003538614,-0.6096622517566604,-0.6371589005513727,0.11115918046807931,0.2910722880841922,-0.6534777050842081,0.3542261360581524,-0.6481158328496229,0,0,1,0,0
0.08,1.2544695860692403,0.7111476825328886,-0.5943363789340832,-0.6771570834343464,-0.6669342207966861,-0.2639714166239316,-0.41603718774010906,-0.4805752843116126,0.6454336795630485,-0.8977015527353669,0.06227228228145895,-1.044340558162819,-0.6481158328496229,0,0,0,0,1
0.2,0.8803183453504022,0.5882591286538622,0.014009338799388801,-0.6382222102933974,-0.7649309004261873,0.8238526847593466,-0.6096622517566604,-0.4805752843116126,-1.4278703467756388,0.8854592084939716,-0.6087433308738539,1.2148825632710583,-0.6631942712609293,1,0,0,0,0
0.96,-1.5142495952501605,0.13766776443076534,-0.6219884570128773,-0.5992873371524483,-0.6473348848707857,0.43534407712246126,-0.867829003778729,-1.0025206717774797,1.410961320057334,-0.9719999177865893,0.37541290175393843,-1.582250825170885,-0.678272709672236,0,1,0,0,0
0.72,-0.167305128662344,0.21959346701678295,-0.3731197543037297,-0.6771570834343464,-0.6473348848707857,-0.18626969509655456,-0.6096622517566604,-0.584964361804786,0.09521068795778169,0.2539231055585811,-0.6534777050842081,1.2148825632710583,-0.678272709672236,1,0,0,0,0
0.8,-0.9904378582437875,0.17863061572377414,-0.2809461607077491,-0.5992873371524483,-0.5885368770930849,0.057935715418059044,-0.9323706917842461,-0.950326133030893,-0.3912183336062947,-0.8977015527353669,-0.20613396298066616,-1.474668771769272,-0.6933511480835424,0,0,0,1,0
0.28,0.8054880972066346,0.26055631830979176,-0.42842391046131806,-0.7550268297162445,-0.7257322285743868,-0.3416731381513087,-0.28695381172907486,-0.21960259057867904,-0.1918621772275754,0.06817719293052484,-0.6982120792945623,-0.0761020775483003,-0.6933511480835424,1,0,0,0,0
0.92,-1.439419347106393,-0.6815892614294108,-0.5574669414956909,-0.7160919565752955,-0.7649309004261873,0.2355396503377774,-0.48057887574562613,-0.3239916680718524,-0.6942396913019494,-0.26616544979997614,-0.8324152019256249,0.3542261360581524,-0.6933511480835424,0,0,1,0,0
0.48,0.3565066083440291,0.30151916960280056,-0.6865099725300639,-0.7550268297162445,-0.745331564500287,-0.07526723577173018,-0.48057887574562613,-0.5327698230581993,0.5896139557770078,-0.9348507352609783,0.2412097791228759,-0.7215943979579795,-0.7084295864948488,0,1,0,0,0
0.6,0.13201586391272635,-0.640626410136402,-1.1105085030715747,-0.7160919565752955,-0.8629275800556886,1.1235593249363722,-0.6742039397621775,-0.584964361804786,-0.7660079075982887,-1.0091491003122006,-0.6087433308738539,-1.2595046649660455,-0.7235080249061554,0,0,0,1,0
0.28,0.8054880972066346,0.629221979946871,-0.9353786752392114,-0.7550268297162445,-0.9021262519074893,1.0569578493414777,-0.48057887574562613,-0.4805752843116126,-0.26363039352391465,-0.37761299737680976,-0.8771495761359791,0.2466440826565391,-0.7235080249061554,1,0,0,0,0
0.52,0.28167636020026154,0.7521105338258974,0.17070444791255576,-0.6382222102933974,-0.5885368770930849,-0.24177092475896672,-0.9323706917842461,-0.8981315942843063,-1.1407974815902826,-0.006121172120697511,-0.16139958877031194,0.6769722962629923,-0.7235080249061554,0,0,0,1,0
0.88,-1.439419347106393,-2.115289056684719,-0.8524224410028288,-0.7939617028571935,-0.6669342207966861,-0.9521866644378421,-0.3514954997345919,-0.5327698230581993,1.410961320057334,-0.6376572750560884,0.2859441533332299,-0.1836841309499136,-0.7235080249061554,0,1,0,0,0
0.28,0.8054880972066346,-0.8864035178944548,-0.8339877222836327,-0.7550268297162445,-0.8433282441297884,0.7461509632319695,-0.6096622517566604,-0.6893534392979593,0.621510940797603,-0.7119556401073108,-0.7876808277152708,-1.044340558162819,-0.7385864633174618,0,0,0,1,0
0.84,-1.065268106387555,-0.39484930237834914,-0.889291878441221,-0.7550268297162445,-0.6865335567225862,-0.49707658120606213,-0.6096622517566604,-0.6371589005513727,0.3822835531431388,-0.8605523702097557,-0.4745402082427913,-0.2912661843515266,-0.7385864633174618,0,0,0,0,1
0.32,0.6558276009190994,-0.47677500496436676,-0.9077265971604173,-0.6771570834343464,-0.745331564500287,0.33544186373011936,-0.8032873157732118,-0.6893534392979593,-1.459767331796234,-0.34046381485119864,-0.7429464535049165,-0.9367585047612059,-0.7385864633174618,1,0,0,0,0
0.92,-1.439419347106393,-2.238177610563745,-0.6035537382936812,-0.6771570834343464,-0.4905401974635835,-0.9965876481677718,-0.8032873157732118,-0.8459370555377196,0.14305616548867453,-0.19186708474875364,-0.5192745824531455,0.9997184564678316,-0.7385864633174618,1,0,0,0,0
0.4,0.5061671046315642,0.5882591286538622,-0.8432050816432308,-0.7550268297162445,-0.6865335567225862,-0.5747783027334392,-0.7387456277676947,-0.7415479780445461,-0.24768190101361706,-0.9719999177865893,0.5990847728057094,-1.474668771769272,-0.7385864633174618,0,1,0,0,0
0.44,0.4313368564877967,-1.0912177743594988,-0.8524224410028288,-0.7550268297162445,-0.7845302363520876,0.22443940440529497,-0.6742039397621775,-0.7415479780445461,0.4939230007152221,-0.9719999177865893,0.01753790807110491,-0.8291764513595926,-0.7385864633174618,0,0,0,0,1
0.28,0.8054880972066346,-0.9273663691874636,-0.870857159722025,-0.7939617028571935,-0.7257322285743868,-0.5414775649359919,-0.6742039397621775,-0.6893534392979593,-0.1998364234827242,-0.8234031876841444,-0.6087433308738539,-1.044340558162819,-0.7536649017287684,0,0,0,0,1
0.16,1.104809089781705,0.09670491313775653,-0.9814654720372017,-0.7160919565752955,-0.8433282441297884,0.9681558818816182,-0.8032873157732118,-0.7415479780445461,-0.9334670789564137,-0.6005080925304771,-0.8324152019256249,-1.3670867183676585,-0.7536649017287684,1,0,0,0,0
0.68,-0.09247488051857643,-1.4189205847035693,-0.4560759885401123,-0.6771570834343464,-0.6473348848707857,-0.08636748170421263,-0.9969123797897631,-1.1069097492706532,1.1398369473822747,-0.9348507352609783,0.10700665649181319,-1.474668771769272,-0.7536649017287684,0,1,0,0,0
0.56,0.20684611205649395,-0.9683292204804724,-1.0828564249927803,-0.8328965759981426,-0.7845302363520876,-0.46377584340861544,-0.6096622517566604,-0.5327698230581993,-0.6224714750056102,-0.9719999177865893,-0.6087433308738539,-1.1519226115644323,-0.7536649017287684,0,0,0,0,1
0.24,0.8803183453504022,0.4653705747748358,-1.1381605811503688,-0.7550268297162445,-0.7845302363520876,0.16893817474288342,-0.6096622517566604,-0.4283807455650258,-1.4517930855410852,-0.6005080925304771,-0.9218839503463333,-0.6140123445563662,-0.7536649017287684,1,0,0,0,0
0.08,1.2544695860692403,-0.7225521127224196,-1.1658126592291629,-0.6771570834343464,-0.6669342207966861,-0.21957043289400185,-0.867829003778729,-0.8981315942843063,-0.33539860982025393,-0.8977015527353669,-0.7429464535049165,-0.9367585047612059,-0.7687433401400748,0,0,0,1,0
0.56,0.20684611205649395,0.834036236411915,0.14305236983376185,-0.7550268297162445,-0.6277355489448855,-0.8966854347754298,-0.867829003778729,-0.8459370555377196,-1.005235295252753,0.774011660917138,-0.8324152019256249,0.784554349664605,-0.7838217785513812,1,0,0,0,0
0.88,-1.439419347106393,-1.3369948821175517,-1.0644217062735843,-0.8328965759981426,-0.7845302363520876,-0.5525778108684744,-0.5451205637511433,-0.4805752843116126,-0.6543684600262054,-0.8977015527353669,-0.3850714598220829,-0.8291764513595926,-0.7838217785513812,0,0,0,0,1
0.2,0.8803183453504022,0.8749990877049239,-0.5113801446977007,-0.7550268297162445,-0.7649309004261873,0.10233669914798879,-0.8032873157732118,-0.8981315942843063,1.0760429773410842,-0.8234031876841444,0.5990847728057094,-0.8291764513595926,-0.7838217785513812,0,1,0,0,0
1.0,-1.8884008359689985,-1.2960320308245428,-0.7325967693280541,-0.7550268297162445,-0.8629275800556886,0.7461509632319695,-0.867829003778729,-0.8981315942843063,0.14305616548867453,-0.9719999177865893,-0.1166652145599578,-1.2595046649660455,-0.7989002169626879,0,1,0,0,0
0.16,1.104809089781705,-1.0912177743594988,-1.175030018588761,-0.7939617028571935,-0.8629275800556886,0.33544186373011936,-0.6742039397621775,-0.7415479780445461,0.7331503883696855,-0.9719999177865893,-0.7876808277152708,-0.9367585047612059,-0.7989002169626879,0,0,0,1,0
0.36,0.5061671046315642,-0.43581215367135795,-0.870857159722025,-0.7160919565752955,-0.7061328926484866,-0.2639714166239316,-0.9323706917842461,-1.0025206717774797,-0.00845451335915282,-0.5262097274792548,-0.6982120792945623,-0.9367585047612059,-0.7989002169626879,0,0,0,1,0
0.68,-0.09247488051857643,-1.3369948821175517,-1.0644217062735843,-0.9107663222800405,-0.9021262519074893,-0.29727215442137894,-0.41603718774010906,-0.5327698230581993,1.0600944848307865,-0.9348507352609783,-0.6982120792945623,-0.9367585047612059,-0.7989002169626879,0,1,0,0,0
0.84,-1.065268106387555,-0.9273663691874636,-1.1289432217907707,-0.8328965759981426,-0.9217255878333895,0.4464443230549437,-0.6742039397621775,-0.6371589005513727,-0.462986549902634,-0.8977015527353669,-0.7429464535049165,-1.1519226115644323,-0.8441355321966073,0,0,1,0,0
0.44,0.4313368564877967,0.5063334260678446,-0.8155530035644367,-0.8328965759981426,-0.8629275800556886,-0.04196649797428288,-0.7387456277676947,-0.7415479780445461,-0.5905744899850149,-0.37761299737680976,-0.7876808277152708,0.3542261360581524,-0.8592139706079138,1,0,0,0,0
0.56,0.20684611205649395,-1.1321806256525075,-1.184247377948359,-0.9497011954209896,-0.9217255878333895,-0.8411842051130177,-0.41603718774010906,-0.4283807455650258,0.26266985931590664,-0.6748064575816997,-0.7429464535049165,-0.2912661843515266,-0.8742924090192203,0,0,1,0,0
0.76,-0.91560761010002,-0.5587007075503844,-1.2672036121847416,-0.8328965759981426,-0.9413249237592898,0.6018477661096978,-0.867829003778729,-0.8981315942843063,-0.20781066973787302,-0.9719999177865893,-0.7876808277152708,-0.8291764513595926,-0.8742924090192203,0,0,0,1,0
0.48,0.3565066083440291,-0.1900350459133051,-0.8432050816432308,-0.9107663222800405,-0.804129572277988,-1.151991091222526,-0.6742039397621775,-0.6893534392979593,0.007493979151144796,-1.0091491003122006,0.06227228228145895,-1.044340558162819,-0.8742924090192203,0,0,0,0,1
0.96,-1.5142495952501605,-0.7225521127224196,-1.156595299869565,-0.8328965759981426,-0.9021262519074893,0.3243416177976369,-0.867829003778729,-0.793742516791133,-1.9541705996154601,-0.8234031876841444,-0.7876808277152708,-1.474668771769272,-0.8893708474305267,0,0,0,1,0
0.56,0.20684611205649395,-1.9924005028056926,-1.027552268835192,-0.9107663222800405,-1.1373182830182924,2.599892033956535,-0.6742039397621775,-0.5327698230581993,-1.0530807727836458,-0.9719999177865893,-0.7429464535049165,-1.1519226115644323,-0.8893708474305267,0,0,1,0,0
0.56,0.20684611205649395,-0.1081093433272875,-0.889291878441221,-0.8718314491390916,-0.8433282441297884,-0.5969787945984041,-0.867829003778729,-0.8459370555377196,-0.5746259974747173,-0.48906054495364354,-0.8324152019256249,-0.0761020775483003,-0.9044492858418334,1,0,0,0,0
0.84,-1.065268106387555,0.01477921055173892,-1.1473779405099669,-0.8328965759981426,-0.9217255878333895,0.4908453067848734,-0.9323706917842461,-0.8981315942843063,-1.8505053982985258,-0.414762179902421,-0.7876808277152708,-0.9367585047612059,-0.9044492858418334,1,0,0,0,0
0.48,0.3565066083440291,-0.6815892614294108,-1.1105085030715747,-0.9107663222800405,-0.9413249237592898,-0.28617190848889645,-0.8032873157732118,-0.8981315942843063,0.3344380756122459,-1.0091491003122006,-0.6982120792945623,-1.1519226115644323,-0.9195277242531398,0,0,0,1,0
0.4,0.5061671046315642,-2.361066164442772,-1.202682096667555,-1.1833104342666838,-0.6865335567225862,-3.6051454423011418,0.10029631630402797,-0.21960259057867904,2.136617729275875,-0.08041953717192002,-0.9666183245566875,-0.6140123445563662,-0.9195277242531398,0,0,0,1,0
0.08,1.2544695860692403,0.055742061844747726,-1.0736390656331822,-0.9107663222800405,-0.9217255878333895,-0.1640692032315897,-0.8032873157732118,-0.3239916680718524,-2.935002888998763,-0.414762179902421,-0.8324152019256249,-0.8291764513595926,-0.9195277242531398,1,0,0,0,0
0.76,-0.91560761010002,-2.361066164442772,-1.3870292838595164,-0.7939617028571935,-1.0785202752405918,3.332508265500375,-1.1905374438063145,-1.2634933655104132,-1.3521150073517256,-1.3806409255683127,-0.7429464535049165,-1.1519226115644323,-0.9195277242531398,0,1,0,0,0
0.44,0.4313368564877967,-1.0912177743594988,-1.1381605811503688,-1.0275709417028878,-1.039321603388791,-0.275071662556414,-0.5451205637511433,-0.4805752843116126,-0.35134710233055155,-1.0091491003122006,-0.29560271140137456,-0.8291764513595926,-0.9346061626644463,0,0,0,0,1
0.28,0.8054880972066346,0.13766776443076534,-1.1105085030715747,-1.0275709417028878,-0.9413249237592898,-1.0742893696951488,-0.5451205637511433,-0.5327698230581993,-0.33539860982025393,-1.0091491003122006,-0.5640089566634998,-1.044340558162819,-0.9346061626644463,0,0,0,1,0
0.12,1.2544695860692403,-0.845440666601446,-1.1381605811503688,-1.0665058148438369,-1.1569176189441928,0.5574467823797681,-0.3514954997345919,-0.21960259057867904,-0.8298018776394792,-0.414762179902421,-0.8324152019256249,-0.8291764513595926,-0.9346061626644463,1,0,0,0,0
0.4,0.5061671046315642,0.834036236411915,-0.9353786752392114,-0.9497011954209896,-1.019722267462891,0.6240482579746627,-0.8032873157732118,-0.6893534392979593,-1.1089004965696874,-0.414762179902421,-0.8324152019256249,0.03147997585331298,-0.9346061626644463,1,0,0,0,0
0.12,1.2544695860692403,-0.5177378562573756,-1.027552268835192,-0.9886360685619386,-0.9609242596851899,-0.5303773190035095,-0.7387456277676947,-0.793742516791133,0.8049186046660247,-1.0462982828378118,0.06227228228145895,-1.044340558162819,-0.9346061626644463,0,1,0,0,0
0.96,-1.5142495952501605,-1.869511948926666,-1.1197258624311726,-0.9107663222800405,-0.9609242596851899,0.10233669914798879,-0.9323706917842461,-0.793742516791133,-1.8505053982985258,-0.8234031876841444,-0.7429464535049165,-0.7215943979579795,-0.9346061626644463,0,0,0,1,0
0.6,0.13201586391272635,-1.910474800219675,-1.1289432217907707,-0.8328965759981426,-0.9217255878333895,0.5574467823797681,-1.1905374438063145,-1.1591042880172397,-5.837628525872926,-1.0091491003122006,-0.6534777050842081,-1.3670867183676585,-0.9496846010757528,0,0,0,0,1
0.68,-0.09247488051857643,0.5063334260678446,-0.25329408262895486,-0.9497011954209896,-0.9805235956110904,-0.3194726462863438,-0.7387456277676947,-0.8459370555377196,0.43810327692918044,0.1796247405073586,-0.6087433308738539,0.2466440826565391,-0.9496846010757528,0,0,1,0,0
0.28,0.8054880972066346,-0.35388645108534034,-1.3040730496231339,-0.9497011954209896,-0.9805235956110904,-0.1085679735691775,-0.8032873157732118,-0.7415479780445461,-1.084977757804241,-0.9719999177865893,-0.8771495761359791,-1.3670867183676585,-0.9496846010757528,0,0,1,0,0
0.52,0.28167636020026154,-1.3779577334105604,-1.1012911437119766,-0.9497011954209896,-0.9805235956110904,-0.13076846543414236,-0.9969123797897631,-1.0025206717774797,-1.1886429591211756,-1.1205966478890343,-0.3850714598220829,-0.9367585047612059,-0.9647630394870593,0,1,0,0,0
0.48,0.3565066083440291,-1.500846287289587,-0.9999001907563979,-1.0275709417028878,-0.9609242596851899,-1.2296928127499023,-0.5451205637511433,-0.6893534392979593,0.9085838059829592,-0.9348507352609783,-0.6982120792945623,-0.7215943979579795,-0.9647630394870593,0,0,1,0,0
0.76,-0.91560761010002,0.5063334260678446,-0.889291878441221,-0.9886360685619386,-1.0589209393146912,0.2355396503377774,-0.8032873157732118,-0.793742516791133,-0.35134710233055155,-0.11756871969753128,-0.7876808277152708,-0.2912661843515266,-0.9798414778983658,1,0,0,0,0
0.64,-0.017644632374808837,-0.2719607484993227,0.1154002917549676,-0.9497011954209896,-1.0001229315369906,0.33544186373011936,-0.9969123797897631,-1.0025206717774797,-0.7341109225776935,0.40251983566102584,-0.6087433308738539,1.5376287234758976,-0.9798414778983658,1,0,0,0,0
0.16,1.104809089781705,0.09670491313775653,-1.1105085030715747,-0.9886360685619386,-1.0981196111664921,0.7017499795020398,-0.8032873157732118,-0.7415479780445461,-0.6543684600262054,-0.48906054495364354,-0.9218839503463333,-0.2912661843515266,-0.9798414778983658,1,0,0,0,0
0.04,1.7034510749318459,-0.43581215367135795,-1.2211168153867513,-0.9886360685619386,-0.9609242596851899,-0.9521866644378421,-0.8032873157732118,-0.7415479780445461,-0.5746259974747173,-1.1577458304146455,-0.34033708561172876,-1.2595046649660455,-0.9798414778983658,0,1,0,0,0
0.52,0.28167636020026154,-1.9924005028056926,-1.479202877455497,-0.9886360685619386,-0.9609242596851899,-0.7856829754506055,-0.867829003778729,-0.793742516791133,-1.0530807727836458,-0.8234031876841444,-0.6982120792945623,-1.044340558162819,-0.9949199163096722,0,0,1,0,0
0.6,0.13201586391272635,0.5063334260678446,-1.2211168153867513,-1.0665058148438369,-1.0785202752405918,-0.3860741218812384,-0.6742039397621775,-0.6893534392979593,0.047365210426888835,-0.8977015527353669,-0.6982120792945623,-1.1519226115644323,-0.9949199163096722,0,0,1,0,0
0.8,-0.9904378582437875,-2.156251907977728,-1.3317251277019282,-0.9497011954209896,-0.9413249237592898,-0.3194726462863438,-1.1259957558007974,-1.1069097492706532,-1.8505053982985258,-1.0091491003122006,-0.9666183245566875,-1.1519226115644323,-1.0099983547209788,0,0,0,0,1
0.76,-0.91560761010002,-0.2719607484993227,-1.202682096667555,-1.0665058148438369,-1.1765169548700931,1.2012610464637494,-0.6742039397621775,-0.6371589005513727,-0.4789350424129316,-0.7491048226329221,-0.8324152019256249,-0.1836841309499136,-1.0099983547209788,1,0,0,0,0
0.2,0.8803183453504022,-0.7635149640154284,-1.3778119244999183,-1.0275709417028878,-1.0785202752405918,-0.3083724003538614,-0.7387456277676947,-0.6893534392979593,-0.3991925798614435,-1.0091491003122006,-0.8771495761359791,-1.3670867183676585,-1.0099983547209788,0,0,0,1,0
0.08,1.2544695860692403,-1.1731434769455165,-1.32250776834233,-1.0275709417028878,-1.0785202752405918,-0.06416698983924775,-0.867829003778729,-0.8459370555377196,-0.41514107237174114,-0.8977015527353669,-0.7876808277152708,-1.582250825170885,-1.0099983547209788,0,0,0,1,0
0.44,0.4313368564877967,-0.23099789720631392,-1.1289432217907707,-1.0275709417028878,-1.0589209393146912,-0.29727215442137894,-0.8032873157732118,-0.6893534392979593,-1.587355271878615,-0.7491048226329221,-0.8324152019256249,-0.506430291154753,-1.0099983547209788,0,0,1,0,0
0.36,0.5061671046315642,-1.0912177743594988,-1.3501598464211242,-1.0275709417028878,-1.0001229315369906,-0.9188859266403947,-0.9323706917842461,-1.0025206717774797,1.1398369473822747,-1.083447465363423,-0.7429464535049165,-1.582250825170885,-1.0250767931322853,0,0,0,0,1
0.28,0.8054880972066346,0.7111476825328886,-0.9445960345988095,-1.0275709417028878,-1.0589209393146912,-0.08636748170421263,-0.867829003778729,-0.950326133030893,0.6853049108387926,-0.7491048226329221,-0.7876808277152708,-0.8291764513595926,-1.0250767931322853,0,0,1,0,0
0.08,1.2544695860692403,0.01477921055173892,-0.9999001907563979,-0.9886360685619386,-1.019722267462891,-0.00866576017683557,-1.0614540677952804,-1.1069097492706532,-0.797904892618884,-0.5262097274792548,-0.8324152019256249,-0.6140123445563662,-1.0250767931322853,1,0,0,0,0
0.68,-0.09247488051857643,-0.2719607484993227,-1.027552268835192,-1.0665058148438369,-1.019722267462891,-0.9299861725728772,-0.9969123797897631,-1.0547152105240665,-0.9813125564873065,-1.1948950129402567,0.01753790807110491,-0.8291764513595926,-1.0401552315435918,0,1,0,0,0
0.6,0.13201586391272635,0.09670491313775653,-0.9538133939584076,-1.0275709417028878,-1.1177189470923923,0.3576423555950842,-0.9323706917842461,-0.8459370555377196,-1.5155870555822757,-0.48906054495364354,-0.8324152019256249,-0.6140123445563662,-1.0401552315435918,1,0,0,0,0
0.36,0.5061671046315642,-0.35388645108534034,-1.3685945651403204,-1.1054406879847856,-1.1765169548700931,0.2688403881352247,-0.7387456277676947,-0.793742516791133,0.4062062919085852,-0.8605523702097557,-0.8771495761359791,-1.044340558162819,-1.0401552315435918,0,0,1,0,0
0.32,0.6558276009190994,0.5882591286538622,-1.03676962819479,-1.0665058148438369,-1.039321603388791,-0.9965876481677718,-0.867829003778729,-0.8981315942843063,0.414180538163734,-0.45191136242803226,-0.7429464535049165,0.03147997585331298,-1.0401552315435918,1,0,0,0,0
0.36,0.5061671046315642,-1.2141063282385252,-1.313290408982732,-0.9886360685619386,-1.0001229315369906,-0.519277073071027,-0.9969123797897631,-1.0025206717774797,-1.2843339141829613,-0.8234031876841444,-0.7876808277152708,-0.8291764513595926,-1.0401552315435918,1,0,0,0,0
0.72,-0.167305128662344,-0.35388645108534034,-1.156595299869565,-1.0275709417028878,-1.039321603388791,-0.5081768271385446,-0.9969123797897631,-1.1069097492706532,0.6454336795630485,-1.0462982828378118,-0.29560271140137456,-0.9367585047612059,-1.0401552315435918,0,1,0,0,0
0.88,-1.439419347106393,0.424407723481827,-0.6496405350916715,-1.0275709417028878,-1.039321603388791,-0.21957043289400185,-0.9969123797897631,-0.950326133030893,-1.9461963533603115,-0.08041953717192002,-0.7429464535049165,0.2466440826565391,-1.0552336699548983,1,0,0,0,0
0.84,-1.065268106387555,-1.1321806256525075,-0.9261613158796134,-1.0665058148438369,-1.0785202752405918,-0.3083724003538614,-0.9323706917842461,-1.0025206717774797,0.14305616548867453,-1.1577458304146455,-0.027196466139249326,-1.3670867183676585,-1.0552336699548983,0,0,0,0,1
0.16,1.104809089781705,-1.3779577334105604,-1.340942487061526,-1.0665058148438369,-1.1177189470923923,-0.1640692032315897,-1.0614540677952804,-1.1069097492706532,-0.5188062736886756,-1.1205966478890343,-0.5640089566634998,-1.6898328785724983,-1.0552336699548983,0,1,0,0,0
0.2,0.8803183453504022,-0.39484930237834914,-1.2672036121847416,-1.0665058148438369,-1.0981196111664921,-0.2639714166239316,-0.867829003778729,-0.8981315942843063,-0.8776473551703721,-0.7119556401073108,-0.8324152019256249,-1.044340558162819,-1.0552336699548983,0,0,1,0,0
0.88,-1.439419347106393,-1.7466233950476397,-1.32250776834233,-1.0275709417028878,-1.0001229315369906,-0.5525778108684744,-1.1259957558007974,-1.1591042880172397,-1.8505053982985258,-0.7862540051585333,-0.7429464535049165,-1.1519226115644323,-1.0703121083662048,0,0,1,0,0
0.2,0.8803183453504022,-0.8864035178944548,-1.2487688934655454,-1.1054406879847856,-1.019722267462891,-1.373996009872174,-1.0614540677952804,-1.0547152105240665,-1.8505053982985258,-1.083447465363423,-0.6982120792945623,-1.044340558162819,-1.0853905467775111,0,0,0,0,1
0.04,1.7034510749318459,-1.869511948926666,-1.5805938304110758,-1.1443755611257347,-1.1961162907959935,0.2688403881352247,-0.8032873157732118,-0.584964361804786,-1.8505053982985258,-1.1948950129402567,-0.9218839503463333,-1.2595046649660455,-1.0853905467775111,1,0,0,0,0
0.76,-0.91560761010002,-1.0092920717734812,-1.340942487061526,-1.1054406879847856,-1.0589209393146912,-1.4516977313995512,-0.867829003778729,-0.950326133030893,0.3264638293570971,-1.1205966478890343,-0.4745402082427913,-1.582250825170885,-1.0853905467775111,0,1,0,0,0
0.64,-0.017644632374808837,-1.910474800219675,-1.018334909475594,-1.1054406879847856,-1.0001229315369906,-1.7736048634415418,-0.9323706917842461,-0.8981315942843063,-1.4039476080101925,-0.9348507352609783,-0.07193084034960356,-1.3670867183676585,-1.1004689851888179,0,1,0,0,0
0.72,-0.167305128662344,-0.9273663691874636,-1.3778119244999183,-1.1443755611257347,-1.1961162907959935,0.1356374369454361,-0.867829003778729,-0.8981315942843063,0.541768478246115,-0.9348507352609783,-0.8324152019256249,-1.1519226115644323,-1.1004689851888179,1,0,0,0,0
0.24,0.8803183453504022,-1.0912177743594988,-1.5068549555342914,-1.1443755611257347,-1.1765169548700931,-0.36387363001627354,-0.867829003778729,-0.950326133030893,0.541768478246115,-1.083447465363423,-0.9218839503463333,-1.3670867183676585,-1.1155474236001242,1,0,0,0,0
0.32,0.6558276009190994,-1.4189205847035693,-1.479202877455497,-1.1443755611257347,-1.1177189470923923,-1.373996009872174,-0.867829003778729,-0.8459370555377196,-0.797904892618884,-1.0462982828378118,-0.9218839503463333,-1.582250825170885,-1.1155474236001242,1,0,0,0,0
0.28,0.8054880972066346,0.9159619389979327,-1.018334909475594,-1.1833104342666838,-1.1569176189441928,-1.6515021581842348,-0.7387456277676947,-0.793742516791133,0.3902577993982876,-0.9719999177865893,0.19647540491252166,-1.044340558162819,-1.1155474236001242,0,1,0,0,0
0.4,0.5061671046315642,-0.6815892614294108,-1.2672036121847416,-1.1054406879847856,-1.0981196111664921,-1.1186903534250785,-1.0614540677952804,-1.0547152105240665,-1.3481278842241518,-1.1577458304146455,-0.20613396298066616,-1.3670867183676585,-1.130625862011431,0,1,0,0,0
0.28,0.8054880972066346,-1.6646976924616221,-1.03676962819479,-1.1443755611257347,-1.1373182830182924,-0.9521866644378421,-0.9969123797897631,-0.950326133030893,-1.4916643168168293,-1.1577458304146455,-0.4745402082427913,-0.9367585047612059,-1.130625862011431,0,0,0,0,1
0.12,1.2544695860692403,-0.9273663691874636,-1.4515507993767027,-1.1054406879847856,-1.0981196111664921,-0.6524800242608163,-1.1259957558007974,-1.2112988267638265,0.541768478246115,-1.0462982828378118,-0.7876808277152708,-1.474668771769272,-1.130625862011431,0,0,0,1,0
0.96,-1.5142495952501605,-1.869511948926666,-0.24407672326935698,-1.1443755611257347,-1.1177189470923923,-1.4405974854670687,-0.867829003778729,-0.8459370555377196,-0.7660079075982887,-0.48906054495364354,1.9858503733266895,-0.0761020775483003,-1.130625862011431,0,0,0,0,1
0.32,0.6558276009190994,-2.361066164442772,-1.6635500646474584,-1.1833104342666838,-1.2745136344995944,0.5574467823797681,-1.1905374438063145,-1.2634933655104132,-1.2261219165203743,-1.3806409255683127,-0.9666183245566875,-2.2277431455805643,-1.1457043004227372,0,1,0,0,0
0.8,-0.9904378582437875,-1.869511948926666,-1.4331160806575067,-1.1443755611257347,-1.1373182830182924,-0.8300839591805352,-1.1259957558007974,-1.2112988267638265,-1.8505053982985258,-1.2691933779914792,-0.6087433308738539,-1.2595046649660455,-1.1457043004227372,0,1,0,0,0
0.88,-1.439419347106393,-1.6237348411686132,-1.3870292838595164,-1.1833104342666838,-1.1569176189441928,-1.873507076833883,-0.8032873157732118,-0.8459370555377196,0.541768478246115,-0.7862540051585333,-0.8771495761359791,-1.3670867183676585,-1.1457043004227372,0,0,1,0,0
0.48,0.3565066083440291,-0.6815892614294108,-1.4054640025787124,-1.1443755611257347,-1.1961162907959935,-0.1640692032315897,-0.9969123797897631,-1.0547152105240665,-0.35134710233055155,-0.8234031876841444,-0.9218839503463333,-0.9367585047612059,-1.1457043004227372,1,0,0,0,0
0.32,0.6558276009190994,-2.279140461856754,-1.5898111897706737,-1.0665058148438369,-1.1765169548700931,0.5574467823797681,-1.1905374438063145,-1.2634933655104132,-0.9948687751210589,-1.083447465363423,-0.9666183245566875,-1.6898328785724983,-1.1457043004227372,0,1,0,0,0
0.6,0.13201586391272635,-1.2960320308245428,-1.5898111897706737,-1.222245307407633,-1.254914298573694,-0.696881007990746,-0.8032873157732118,-0.793742516791133,-0.7341109225776935,-1.0462982828378118,-0.9218839503463333,-1.3670867183676585,-1.1607827388340437,1,0,0,0,0
0.04,1.7034510749318459,-2.320103313149763,-1.6819847833666544,-1.2611801805485818,-1.2157156267218936,-2.2176147007408384,-0.7387456277676947,-0.8981315942843063,2.136617729275875,-1.1205966478890343,-0.9666183245566875,-1.9049969853757245,-1.1758611772453502,0,0,0,0,1
0.84,-1.065268106387555,-2.238177610563745,-1.5990285491302718,-1.222245307407633,-1.3529109782031956,2.411187853104334,-0.9323706917842461,-0.7415479780445461,-2.6479300238134056,-1.232044195465868,-0.9666183245566875,-1.7974149319741115,-1.1909396156566567,1,0,0,0,0
0.04,1.7034510749318459,-1.1731434769455165,-1.6727674240070565,-1.1833104342666838,-1.1961162907959935,-1.296294288344797,-0.9969123797897631,-1.1069097492706532,0.541768478246115,-1.1205966478890343,-0.8771495761359791,-1.6898328785724983,-1.1909396156566567,0,0,0,1,0
0.56,0.20684611205649395,-2.156251907977728,-1.6082459084898697,-1.222245307407633,-1.1961162907959935,-1.6626024041167173,-0.9969123797897631,-0.950326133030893,-1.8505053982985258,-0.7862540051585333,-0.9666183245566875,-1.2595046649660455,-1.2060180540679633,0,0,1,0,0
0.16,1.104809089781705,-1.05025492306649,-1.027552268835192,-1.222245307407633,-1.2745136344995944,-1.1852918290199725,-0.9969123797897631,-1.0547152105240665,0.14305616548867453,-0.7119556401073108,-0.6534777050842081,-1.1519226115644323,-1.2210964924792698,0,0,0,0,1
0.8,-0.9904378582437875,-1.459883435996578,-1.5713764710514777,-1.2611801805485818,-1.313712306351395,-1.4849984691969984,-0.867829003778729,-0.7415479780445461,-1.332179391713854,-1.0091491003122006,-0.9218839503463333,-0.9367585047612059,-1.2210964924792698,1,0,0,0,0
0.92,-1.439419347106393,-2.361066164442772,-1.340942487061526,-1.377984799971429,-1.2745136344995944,-4.9926761838614455,-0.5451205637511433,-0.7415479780445461,2.136617729275875,-1.1948950129402567,-0.5192745824531455,-2.2277431455805643,-1.2210964924792698,0,1,0,0,0
0.76,-0.91560761010002,-2.361066164442772,-1.479202877455497,-1.1833104342666838,-0.9805235956110904,-2.7726269973649598,-1.1905374438063145,-1.0025206717774797,-5.837628525872926,-1.0091491003122006,-0.9666183245566875,-1.6898328785724983,-1.2210964924792698,0,1,0,0,0
0.04,1.7034510749318459,-2.07432620539171,-1.7372889395242428,-1.3390499268304799,-1.3921096500549959,-2.2176147007408384,-0.8032873157732118,-0.8981315942843063,0.8049186046660247,-1.1577458304146455,-0.9666183245566875,-2.2277431455805643,-1.2512533693018826,0,0,1,0,0
0.92,-1.439419347106393,-2.238177610563745,-1.488420236815095,-1.222245307407633,-1.2745136344995944,-0.5525778108684744,-1.1905374438063145,-1.2634933655104132,-1.1128876196972615,-0.34046381485119864,-0.6982120792945623,-1.582250825170885,-1.2512533693018826,0,0,1,0,0
0.68,-0.09247488051857643,-1.9514376515126837,-1.635897986568664,-1.3390499268304799,-1.1765169548700931,-4.37106241164243,-0.8032873157732118,-0.8981315942843063,1.1398369473822747,-0.9719999177865893,-0.9218839503463333,-1.582250825170885,-1.2512533693018826,1,0,0,0,0
0.04,1.7034510749318459,-2.0333633540987015,-1.5990285491302718,-1.222245307407633,-1.313712306351395,0.5574467823797681,-1.1905374438063145,-1.2634933655104132,-0.13683987806704853,-1.1948950129402567,-0.8771495761359791,-1.6898328785724983,-1.2512533693018826,0,0,0,1,0
0.36,0.5061671046315642,-0.6815892614294108,-1.340942487061526,-1.2611801805485818,-1.313712306351395,-0.9854874022352893,-1.1259957558007974,-1.1591042880172397,-2.2970631885868587,-0.7119556401073108,-0.8324152019256249,-1.1519226115644323,-1.2663318077131893,0,0,1,0,0
0.16,1.104809089781705,-2.361066164442772,-1.479202877455497,-1.377984799971429,-1.3725103141290957,-4.9926761838614455,-0.867829003778729,-0.7415479780445461,-1.8505053982985258,-1.1948950129402567,-0.9666183245566875,-1.1519226115644323,-1.2964886845358021,0,0,1,0,0
0.4,0.5061671046315642,-2.361066164442772,-1.7096368614454485,-1.377984799971429,-1.1765169548700931,-4.9926761838614455,-1.1905374438063145,-1.2634933655104132,-1.0323477325202586,-1.3806409255683127,-0.9666183245566875,-1.1519226115644323,-1.3718808765923347,0,0,0,1,0
0.16,1.104809089781705,-2.361066164442772,-1.617463267849468,-1.377984799971429,-1.1765169548700931,-4.9926761838614455,-1.1905374438063145,-1.2634933655104132,-0.15438321982837663,-1.1948950129402567,-0.9666183245566875,-1.6898328785724983,-1.3718808765923347,0,0,0,1,0
0.88,-1.439419347106393,-2.361066164442772,-1.7557236582434388,-1.377984799971429,-1.3725103141290957,-4.9926761838614455,-1.1905374438063145,-1.2634933655104132,-1.1655176449812439,-1.0091491003122006,-0.9666183245566875,-2.2277431455805643,-1.3718808765923347,0,0,0,0,1
0.88,-1.439419347106393,-2.4020290157357804,-1.8018104550414291,-1.377984799971429,-1.2745136344995944,-4.9926761838614455,-1.1905374438063145,-1.2634933655104132,-1.1655176449812439,-1.3806409255683127,-0.9666183245566875,-2.2277431455805643,-1.3718808765923347,0,0,1,0,0
0.36,0.5061671046315642,-2.361066164442772,-1.8018104550414291,-1.377984799971429,-1.470506993758597,-1.675922699235696,-1.1905374438063145,-1.2634933655104132,-1.0323477325202586,-1.3806409255683127,-0.9666183245566875,-2.2277431455805643,-1.3718808765923347,0,0,1,0,0
